audio,audio_filepath,speaker,transcript
1150481435_413496_413497_35957,../Data/audio/phn/voices/1150481435_413496_413497_35957.ogg,1150481435,077 7256945
1150481435_413607_413608_35691,../Data/audio/phn/voices/1150481435_413607_413608_35691.ogg,1150481435,055 2181275
1150481435_413617_413618_35902,../Data/audio/phn/voices/1150481435_413617_413618_35902.ogg,1150481435,070 5912116
1150481435_413712_413713_35385,../Data/audio/phn/voices/1150481435_413712_413713_35385.ogg,1150481435,012 2837887
1150481435_413742_413743_36154,../Data/audio/phn/voices/1150481435_413742_413743_36154.ogg,1150481435,099 3775547
1150481435_413799_413800_35460,../Data/audio/phn/voices/1150481435_413799_413800_35460.ogg,1150481435,050 8714535
1150481435_413850_413851_36150,../Data/audio/phn/voices/1150481435_413850_413851_36150.ogg,1150481435,099 6995686
1150481435_413952_413953_35273,../Data/audio/phn/voices/1150481435_413952_413953_35273.ogg,1150481435,010 6143919
910545275_414238_414241_36031,../Data/audio/phn/voices/910545275_414238_414241_36031.ogg,910545275,077 5913813
910545275_414703_414707_35587,../Data/audio/phn/voices/910545275_414703_414707_35587.ogg,910545275,051 1299461
1150481435_414710_414713_35197,../Data/audio/phn/voices/1150481435_414710_414713_35197.ogg,1150481435,010 4337597
1150481435_414754_414755_35544,../Data/audio/phn/voices/1150481435_414754_414755_35544.ogg,1150481435,051 6436766
910545275_414844_414845_35608,../Data/audio/phn/voices/910545275_414844_414845_35608.ogg,910545275,051 1617133
910545275_414875_414876_35301,../Data/audio/phn/voices/910545275_414875_414876_35301.ogg,910545275,012 3137949
910545275_414913_414914_36014,../Data/audio/phn/voices/910545275_414913_414914_36014.ogg,910545275,077 1669473
910545275_414943_414944_35667,../Data/audio/phn/voices/910545275_414943_414944_35667.ogg,910545275,055 8131928
910545275_415001_415002_35812,../Data/audio/phn/voices/910545275_415001_415002_35812.ogg,910545275,070 6432199
910545275_415011_415012_35971,../Data/audio/phn/voices/910545275_415011_415012_35971.ogg,910545275,077 5473646
910545275_415351_415352_35769,../Data/audio/phn/voices/910545275_415351_415352_35769.ogg,910545275,055 6917737
910545275_415477_415478_35679,../Data/audio/phn/voices/910545275_415477_415478_35679.ogg,910545275,055 1687884
910545275_415671_415672_35793,../Data/audio/phn/voices/910545275_415671_415672_35793.ogg,910545275,070 2952423
910545275_415719_415720_35619,../Data/audio/phn/voices/910545275_415719_415720_35619.ogg,910545275,051 7282323
910545275_415847_415848_35507,../Data/audio/phn/voices/910545275_415847_415848_35507.ogg,910545275,050 5671864
1150481435_415903_415904_35210,../Data/audio/phn/voices/1150481435_415903_415904_35210.ogg,1150481435,010 9961537
1150481435_415935_415936_35991,../Data/audio/phn/voices/1150481435_415935_415936_35991.ogg,1150481435,077 7667524
1150481435_415994_415995_36136,../Data/audio/phn/voices/1150481435_415994_415995_36136.ogg,1150481435,099 9758745
1150481435_416056_416057_35291,../Data/audio/phn/voices/1150481435_416056_416057_35291.ogg,1150481435,012 3297552
1150481435_416138_416139_35533,../Data/audio/phn/voices/1150481435_416138_416139_35533.ogg,1150481435,050 7125644
1150481435_416188_416189_35202,../Data/audio/phn/voices/1150481435_416188_416189_35202.ogg,1150481435,010 5938487
1150481435_416196_416197_36124,../Data/audio/phn/voices/1150481435_416196_416197_36124.ogg,1150481435,099 7927161
1150481435_416316_416317_35445,../Data/audio/phn/voices/1150481435_416316_416317_35445.ogg,1150481435,050 4799723
1150481435_416372_416373_36118,../Data/audio/phn/voices/1150481435_416372_416373_36118.ogg,1150481435,099 3761438
1150481435_416382_416383_35996,../Data/audio/phn/voices/1150481435_416382_416383_35996.ogg,1150481435,077 3521163
1150481435_416392_416393_35169,../Data/audio/phn/voices/1150481435_416392_416393_35169.ogg,1150481435,010 2931927
1150481435_416450_416451_35511,../Data/audio/phn/voices/1150481435_416450_416451_35511.ogg,1150481435,050 9234951
1150481435_416502_416503_35327,../Data/audio/phn/voices/1150481435_416502_416503_35327.ogg,1150481435,012 9161232
1150481435_416705_416706_35249,../Data/audio/phn/voices/1150481435_416705_416706_35249.ogg,1150481435,010 7625585
1150481435_416811_416812_36048,../Data/audio/phn/voices/1150481435_416811_416812_36048.ogg,1150481435,099 5687547
1150481435_416831_416832_35933,../Data/audio/phn/voices/1150481435_416831_416832_35933.ogg,1150481435,077 6696124
640339050_417044_417045_35869,../Data/audio/phn/voices/640339050_417044_417045_35869.ogg,640339050,070 2128493
640339050_417144_417145_35484,../Data/audio/phn/voices/640339050_417144_417145_35484.ogg,640339050,050 8262353
575298922_417222_417223_35215,../Data/audio/phn/voices/575298922_417222_417223_35215.ogg,575298922,010 4827382
575298922_417264_417265_35824,../Data/audio/phn/voices/575298922_417264_417265_35824.ogg,575298922,070 4661681
575298922_417290_417291_35836,../Data/audio/phn/voices/575298922_417290_417291_35836.ogg,575298922,070 9645925
575298922_417308_417309_35459,../Data/audio/phn/voices/575298922_417308_417309_35459.ogg,575298922,050 2967836
860296669_417449_417450_35926,../Data/audio/phn/voices/860296669_417449_417450_35926.ogg,860296669,077 7118185
860296669_417463_417464_35203,../Data/audio/phn/voices/860296669_417463_417464_35203.ogg,860296669,010 2878452
954206432_417603_417604_35570,../Data/audio/phn/voices/954206432_417603_417604_35570.ogg,954206432,051 5418181
954206432_417798_417799_36147,../Data/audio/phn/voices/954206432_417798_417799_36147.ogg,954206432,099 7355819
954206432_417828_417829_35695,../Data/audio/phn/voices/954206432_417828_417829_35695.ogg,954206432,055 2823463
860296669_417957_417992_35257,../Data/audio/phn/voices/860296669_417957_417992_35257.ogg,860296669,010 7338424
892642911_418005_418008_35738,../Data/audio/phn/voices/892642911_418005_418008_35738.ogg,892642911,055 7142314
860296669_418078_418079_35457,../Data/audio/phn/voices/860296669_418078_418079_35457.ogg,860296669,050 7222795
892642911_418106_418107_35361,../Data/audio/phn/voices/892642911_418106_418107_35361.ogg,892642911,012 4916223
860296669_418212_418213_36108,../Data/audio/phn/voices/860296669_418212_418213_36108.ogg,860296669,099 4167125
860296669_418216_418217_35868,../Data/audio/phn/voices/860296669_418216_418217_35868.ogg,860296669,070 8242943
860296669_418224_418225_35247,../Data/audio/phn/voices/860296669_418224_418225_35247.ogg,860296669,010 6877823
575298922_418312_418313_35537,../Data/audio/phn/voices/575298922_418312_418313_35537.ogg,575298922,051 6756657
575298922_418318_418319_35687,../Data/audio/phn/voices/575298922_418318_418319_35687.ogg,575298922,055 2437563
575298922_418429_418430_35834,../Data/audio/phn/voices/575298922_418429_418430_35834.ogg,575298922,070 9718845
575298922_418435_418436_36060,../Data/audio/phn/voices/575298922_418435_418436_36060.ogg,575298922,099 9749689
575298922_418475_418476_35665,../Data/audio/phn/voices/575298922_418475_418476_35665.ogg,575298922,055 2571898
575298922_418523_418524_35390,../Data/audio/phn/voices/575298922_418523_418524_35390.ogg,575298922,012 9825377
5028632961_418712_418713_35253,../Data/audio/phn/voices/5028632961_418712_418713_35253.ogg,5028632961,010 9119625
5028632961_418975_418976_35759,../Data/audio/phn/voices/5028632961_418975_418976_35759.ogg,5028632961,055 6357758
5028632961_419086_419087_35955,../Data/audio/phn/voices/5028632961_419086_419087_35955.ogg,5028632961,077 3199396
5028632961_419094_419095_35907,../Data/audio/phn/voices/5028632961_419094_419095_35907.ogg,5028632961,070 5226693
5028632961_419141_419142_35669,../Data/audio/phn/voices/5028632961_419141_419142_35669.ogg,5028632961,055 3172991
5028632961_419155_419156_35927,../Data/audio/phn/voices/5028632961_419155_419156_35927.ogg,5028632961,077 5111776
5028632961_419207_419208_35830,../Data/audio/phn/voices/5028632961_419207_419208_35830.ogg,5028632961,070 6478916
5028632961_419277_419278_35859,../Data/audio/phn/voices/5028632961_419277_419278_35859.ogg,5028632961,070 2613432
5028632961_419355_419356_35516,../Data/audio/phn/voices/5028632961_419355_419356_35516.ogg,5028632961,050 4945674
5028632961_419425_419426_35430,../Data/audio/phn/voices/5028632961_419425_419426_35430.ogg,5028632961,050 9635857
5028632961_419429_419430_35666,../Data/audio/phn/voices/5028632961_419429_419430_35666.ogg,5028632961,055 1531445
5028632961_419499_419500_36059,../Data/audio/phn/voices/5028632961_419499_419500_36059.ogg,5028632961,099 2581923
5028632961_419527_419528_35799,../Data/audio/phn/voices/5028632961_419527_419528_35799.ogg,5028632961,070 3437552
5028632961_419756_419757_35716,../Data/audio/phn/voices/5028632961_419756_419757_35716.ogg,5028632961,055 1438534
5028632961_419822_419823_35752,../Data/audio/phn/voices/5028632961_419822_419823_35752.ogg,5028632961,055 8651799
5028632961_419992_419995_35753,../Data/audio/phn/voices/5028632961_419992_419995_35753.ogg,5028632961,055 6914339
5028632961_420158_420160_35870,../Data/audio/phn/voices/5028632961_420158_420160_35870.ogg,5028632961,070 7181679
5028632961_420200_420206_35535,../Data/audio/phn/voices/5028632961_420200_420206_35535.ogg,5028632961,050 5189614
5028632961_420222_420228_36018,../Data/audio/phn/voices/5028632961_420222_420228_36018.ogg,5028632961,077 7565229
5028632961_420597_420604_36090,../Data/audio/phn/voices/5028632961_420597_420604_36090.ogg,5028632961,099 3671916
5028632961_420749_420750_35424,../Data/audio/phn/voices/5028632961_420749_420750_35424.ogg,5028632961,050 2218134
954206432_420907_420912_35426,../Data/audio/phn/voices/954206432_420907_420912_35426.ogg,954206432,050 1387254
954206432_420923_420926_35833,../Data/audio/phn/voices/954206432_420923_420926_35833.ogg,954206432,070 5121593
954206432_421001_421006_35847,../Data/audio/phn/voices/954206432_421001_421006_35847.ogg,954206432,070 4898227
954206432_421017_421022_36134,../Data/audio/phn/voices/954206432_421017_421022_36134.ogg,954206432,099 1113917
954206432_421106_421107_35692,../Data/audio/phn/voices/954206432_421106_421107_35692.ogg,954206432,055 9844192
5028632961_421248_421251_35867,../Data/audio/phn/voices/5028632961_421248_421251_35867.ogg,5028632961,070 7248472
5028632961_421387_421389_35645,../Data/audio/phn/voices/5028632961_421387_421389_35645.ogg,5028632961,051 5684233
5028632961_421554_421555_35982,../Data/audio/phn/voices/5028632961_421554_421555_35982.ogg,5028632961,077 7632896
5028632961_421564_421565_35179,../Data/audio/phn/voices/5028632961_421564_421565_35179.ogg,5028632961,010 5323754
954206432_421725_421728_35746,../Data/audio/phn/voices/954206432_421725_421728_35746.ogg,954206432,055 6736816
671891258_421920_421929_35404,../Data/audio/phn/voices/671891258_421920_421929_35404.ogg,671891258,012 9637362
671891258_422279_422281_35699,../Data/audio/phn/voices/671891258_422279_422281_35699.ogg,671891258,055 2926996
671891258_422387_422390_35853,../Data/audio/phn/voices/671891258_422387_422390_35853.ogg,671891258,070 9362117
314849420_422489_422490_35689,../Data/audio/phn/voices/314849420_422489_422490_35689.ogg,314849420,055 3517873
671891258_422688_422731_35497,../Data/audio/phn/voices/671891258_422688_422731_35497.ogg,671891258,050 5227222
671891258_422734_422735_35472,../Data/audio/phn/voices/671891258_422734_422735_35472.ogg,671891258,050 4439358
671891258_422798_422799_36098,../Data/audio/phn/voices/671891258_422798_422799_36098.ogg,671891258,099 4816722
671891258_422818_422819_35322,../Data/audio/phn/voices/671891258_422818_422819_35322.ogg,671891258,012 5548618
640339050_422899_422902_35578,../Data/audio/phn/voices/640339050_422899_422902_35578.ogg,640339050,051 4894626
314849420_423450_423451_35192,../Data/audio/phn/voices/314849420_423450_423451_35192.ogg,314849420,010 8242836
892642911_423607_423608_35605,../Data/audio/phn/voices/892642911_423607_423608_35605.ogg,892642911,051 3455777
892642911_423611_423612_35483,../Data/audio/phn/voices/892642911_423611_423612_35483.ogg,892642911,050 6671475
892642911_423633_423634_35289,../Data/audio/phn/voices/892642911_423633_423634_35289.ogg,892642911,012 7119278
892642911_423807_423808_35359,../Data/audio/phn/voices/892642911_423807_423808_35359.ogg,892642911,012 5183796
892642911_424111_424112_36008,../Data/audio/phn/voices/892642911_424111_424112_36008.ogg,892642911,077 2732773
892642911_424129_424130_35673,../Data/audio/phn/voices/892642911_424129_424130_35673.ogg,892642911,055 3779854
892642911_424171_424172_35809,../Data/audio/phn/voices/892642911_424171_424172_35809.ogg,892642911,070 8578771
892642911_424215_424216_35876,../Data/audio/phn/voices/892642911_424215_424216_35876.ogg,892642911,070 1963848
1268975918_425166_425167_35881,../Data/audio/phn/voices/1268975918_425166_425167_35881.ogg,1268975918,070 6143686
1268975918_425240_425241_35556,../Data/audio/phn/voices/1268975918_425240_425241_35556.ogg,1268975918,051 8364659
1268975918_425312_425313_35963,../Data/audio/phn/voices/1268975918_425312_425313_35963.ogg,1268975918,077 2277894
1268975918_425316_425317_35677,../Data/audio/phn/voices/1268975918_425316_425317_35677.ogg,1268975918,055 8926471
1268975918_425364_425365_35229,../Data/audio/phn/voices/1268975918_425364_425365_35229.ogg,1268975918,010 9931561
1268975918_425495_425496_35225,../Data/audio/phn/voices/1268975918_425495_425496_35225.ogg,1268975918,010 3262619
1268975918_425554_425555_35325,../Data/audio/phn/voices/1268975918_425554_425555_35325.ogg,1268975918,012 7214961
1268975918_425837_425838_35895,../Data/audio/phn/voices/1268975918_425837_425838_35895.ogg,1268975918,070 8465428
1268975918_425871_425872_35220,../Data/audio/phn/voices/1268975918_425871_425872_35220.ogg,1268975918,010 5338222
1268975918_425891_425892_36095,../Data/audio/phn/voices/1268975918_425891_425892_36095.ogg,1268975918,099 8982424
1268975918_425961_425962_35924,../Data/audio/phn/voices/1268975918_425961_425962_35924.ogg,1268975918,077 8747978
1268975918_425963_425964_35554,../Data/audio/phn/voices/1268975918_425963_425964_35554.ogg,1268975918,051 2883153
1268975918_426071_426072_36032,../Data/audio/phn/voices/1268975918_426071_426072_36032.ogg,1268975918,099 7452918
954206432_426093_426094_35773,../Data/audio/phn/voices/954206432_426093_426094_35773.ogg,954206432,055 5783931
954206432_426146_426147_35935,../Data/audio/phn/voices/954206432_426146_426147_35935.ogg,954206432,077 7119571
1268975918_426085_426157_35399,../Data/audio/phn/voices/1268975918_426085_426157_35399.ogg,1268975918,012 2643672
1268975918_426220_426221_35269,../Data/audio/phn/voices/1268975918_426220_426221_35269.ogg,1268975918,010 2864684
1268975918_426248_426249_35550,../Data/audio/phn/voices/1268975918_426248_426249_35550.ogg,1268975918,051 6139557
1268975918_426272_426273_35492,../Data/audio/phn/voices/1268975918_426272_426273_35492.ogg,1268975918,050 7655424
1268975918_426340_426341_35822,../Data/audio/phn/voices/1268975918_426340_426341_35822.ogg,1268975918,070 2267946
1268975918_426360_426361_35207,../Data/audio/phn/voices/1268975918_426360_426361_35207.ogg,1268975918,010 7426487
1268975918_426514_426515_35377,../Data/audio/phn/voices/1268975918_426514_426515_35377.ogg,1268975918,012 2988534
1268975918_426518_426519_35672,../Data/audio/phn/voices/1268975918_426518_426519_35672.ogg,1268975918,055 6864976
1268975918_426663_426664_35903,../Data/audio/phn/voices/1268975918_426663_426664_35903.ogg,1268975918,070 3659451
919361428_427031_427032_35334,../Data/audio/phn/voices/919361428_427031_427032_35334.ogg,919361428,012 8946541
919361428_427207_427208_35260,../Data/audio/phn/voices/919361428_427207_427208_35260.ogg,919361428,010 2978314
919361428_427211_427212_35165,../Data/audio/phn/voices/919361428_427211_427212_35165.ogg,919361428,010 9948599
919361428_427395_427396_35311,../Data/audio/phn/voices/919361428_427395_427396_35311.ogg,919361428,012 7629394
919361428_427569_427570_35456,../Data/audio/phn/voices/919361428_427569_427570_35456.ogg,919361428,050 2415495
919361428_427571_427572_35782,../Data/audio/phn/voices/919361428_427571_427572_35782.ogg,919361428,055 1365914
919361428_427587_427588_36066,../Data/audio/phn/voices/919361428_427587_427588_36066.ogg,919361428,099 7662597
919361428_427613_427614_36123,../Data/audio/phn/voices/919361428_427613_427614_36123.ogg,919361428,099 2728445
919361428_427651_427652_36097,../Data/audio/phn/voices/919361428_427651_427652_36097.ogg,919361428,099 5568126
919361428_427699_427700_35706,../Data/audio/phn/voices/919361428_427699_427700_35706.ogg,919361428,055 8593266
919361428_427703_427704_35498,../Data/audio/phn/voices/919361428_427703_427704_35498.ogg,919361428,050 2622339
919361428_427731_427732_35205,../Data/audio/phn/voices/919361428_427731_427732_35205.ogg,919361428,010 7847594
919361428_427789_427790_35496,../Data/audio/phn/voices/919361428_427789_427790_35496.ogg,919361428,050 4663853
919361428_427823_427824_35779,../Data/audio/phn/voices/919361428_427823_427824_35779.ogg,919361428,055 6261968
919361428_427829_427830_35948,../Data/audio/phn/voices/919361428_427829_427830_35948.ogg,919361428,077 6721353
1878274529_427995_427996_35547,../Data/audio/phn/voices/1878274529_427995_427996_35547.ogg,1878274529,051 9789957
1878274529_428011_428012_35965,../Data/audio/phn/voices/1878274529_428011_428012_35965.ogg,1878274529,077 3843473
1878274529_428027_428028_35898,../Data/audio/phn/voices/1878274529_428027_428028_35898.ogg,1878274529,070 4786532
1082554792_428447_428448_35182,../Data/audio/phn/voices/1082554792_428447_428448_35182.ogg,1082554792,010 4859249
1043664892_428545_428546_35323,../Data/audio/phn/voices/1043664892_428545_428546_35323.ogg,1043664892,012 4232914
1043664892_428595_428596_35300,../Data/audio/phn/voices/1043664892_428595_428596_35300.ogg,1043664892,012 9429684
1043664892_428613_428614_36049,../Data/audio/phn/voices/1043664892_428613_428614_36049.ogg,1043664892,099 7328556
1043664892_428789_428790_35234,../Data/audio/phn/voices/1043664892_428789_428790_35234.ogg,1043664892,010 5634993
1043664892_428807_428808_35805,../Data/audio/phn/voices/1043664892_428807_428808_35805.ogg,1043664892,070 4518414
1043664892_428831_428832_35245,../Data/audio/phn/voices/1043664892_428831_428832_35245.ogg,1043664892,010 7498297
1043664892_428859_428860_35784,../Data/audio/phn/voices/1043664892_428859_428860_35784.ogg,1043664892,070 4676598
1043664892_429115_429116_35783,../Data/audio/phn/voices/1043664892_429115_429116_35783.ogg,1043664892,055 2368837
1043664892_429145_429146_35780,../Data/audio/phn/voices/1043664892_429145_429146_35780.ogg,1043664892,055 4577781
1043664892_429191_429192_35896,../Data/audio/phn/voices/1043664892_429191_429192_35896.ogg,1043664892,070 6229985
919361428_429243_429244_35519,../Data/audio/phn/voices/919361428_429243_429244_35519.ogg,919361428,050 7443114
919361428_429247_429248_35290,../Data/audio/phn/voices/919361428_429247_429248_35290.ogg,919361428,012 7744751
1043664892_429283_429286_35956,../Data/audio/phn/voices/1043664892_429283_429286_35956.ogg,1043664892,077 8426994
1043664892_429335_429339_35214,../Data/audio/phn/voices/1043664892_429335_429339_35214.ogg,1043664892,010 9992143
919361428_429506_429509_35579,../Data/audio/phn/voices/919361428_429506_429509_35579.ogg,919361428,051 7976111
919361428_429564_429568_35540,../Data/audio/phn/voices/919361428_429564_429568_35540.ogg,919361428,051 8649896
1043664892_429636_429637_35966,../Data/audio/phn/voices/1043664892_429636_429637_35966.ogg,1043664892,077 9583484
919361428_429634_429639_35964,../Data/audio/phn/voices/919361428_429634_429639_35964.ogg,919361428,077 8796946
919361428_429672_429675_35634,../Data/audio/phn/voices/919361428_429672_429675_35634.ogg,919361428,051 2469644
1043664892_429772_429773_35455,../Data/audio/phn/voices/1043664892_429772_429773_35455.ogg,1043664892,050 7599984
1043664892_429810_429815_35536,../Data/audio/phn/voices/1043664892_429810_429815_35536.ogg,1043664892,051 5317227
919361428_429890_429893_35744,../Data/audio/phn/voices/919361428_429890_429893_35744.ogg,919361428,055 9258644
1043664892_429908_429909_35326,../Data/audio/phn/voices/1043664892_429908_429909_35326.ogg,1043664892,012 5446557
919361428_429906_429911_35305,../Data/audio/phn/voices/919361428_429906_429911_35305.ogg,919361428,012 7477533
1043664892_429914_429918_35594,../Data/audio/phn/voices/1043664892_429914_429918_35594.ogg,1043664892,051 7567522
1043664892_429982_429989_35264,../Data/audio/phn/voices/1043664892_429982_429989_35264.ogg,1043664892,010 5733478
1043664892_430206_430207_35813,../Data/audio/phn/voices/1043664892_430206_430207_35813.ogg,1043664892,070 7618523
1043664892_430254_430255_35621,../Data/audio/phn/voices/1043664892_430254_430255_35621.ogg,1043664892,051 8475656
1043664892_430296_430297_35588,../Data/audio/phn/voices/1043664892_430296_430297_35588.ogg,1043664892,051 6257421
1043664892_430389_430390_35369,../Data/audio/phn/voices/1043664892_430389_430390_35369.ogg,1043664892,012 2764468
1043664892_430391_430392_35374,../Data/audio/phn/voices/1043664892_430391_430392_35374.ogg,1043664892,012 8237663
860296669_430459_430466_35618,../Data/audio/phn/voices/860296669_430459_430466_35618.ogg,860296669,051 7526636
860296669_430556_430557_36140,../Data/audio/phn/voices/860296669_430556_430557_36140.ogg,860296669,099 4562957
1043664892_430686_430689_35945,../Data/audio/phn/voices/1043664892_430686_430689_35945.ogg,1043664892,077 9998798
860296669_430849_430850_35363,../Data/audio/phn/voices/860296669_430849_430850_35363.ogg,860296669,012 3868617
860296669_430961_430962_35395,../Data/audio/phn/voices/860296669_430961_430962_35395.ogg,860296669,012 5992281
860296669_431059_431060_36093,../Data/audio/phn/voices/860296669_431059_431060_36093.ogg,860296669,099 2678814
763941567_431249_431251_35910,../Data/audio/phn/voices/763941567_431249_431251_35910.ogg,763941567,077 9827582
763941567_431294_431297_35854,../Data/audio/phn/voices/763941567_431294_431297_35854.ogg,763941567,070 7415149
763941567_431353_431354_36023,../Data/audio/phn/voices/763941567_431353_431354_36023.ogg,763941567,077 1417271
763941567_431437_431442_36051,../Data/audio/phn/voices/763941567_431437_431442_36051.ogg,763941567,099 7349477
1269496718_431465_431466_35398,../Data/audio/phn/voices/1269496718_431465_431466_35398.ogg,1269496718,012 7227145
1269496718_431477_431480_35560,../Data/audio/phn/voices/1269496718_431477_431480_35560.ogg,1269496718,051 5632899
1269496718_431499_431502_35475,../Data/audio/phn/voices/1269496718_431499_431502_35475.ogg,1269496718,050 3759646
763941567_431551_431553_35723,../Data/audio/phn/voices/763941567_431551_431553_35723.ogg,763941567,055 4895736
763941567_431585_431588_35188,../Data/audio/phn/voices/763941567_431585_431588_35188.ogg,763941567,010 1213513
763941567_431663_431668_35539,../Data/audio/phn/voices/763941567_431663_431668_35539.ogg,763941567,051 4721436
763941567_431687_431690_35324,../Data/audio/phn/voices/763941567_431687_431690_35324.ogg,763941567,012 3297161
763941567_431761_431764_36015,../Data/audio/phn/voices/763941567_431761_431764_36015.ogg,763941567,077 8521421
1269496718_431767_431770_35969,../Data/audio/phn/voices/1269496718_431767_431770_35969.ogg,1269496718,077 7748182
1269496718_431929_431930_35652,../Data/audio/phn/voices/1269496718_431929_431930_35652.ogg,1269496718,051 1883832
1269496718_431998_431999_35882,../Data/audio/phn/voices/1269496718_431998_431999_35882.ogg,1269496718,070 6916338
1269496718_432069_432070_35310,../Data/audio/phn/voices/1269496718_432069_432070_35310.ogg,1269496718,012 1661358
1269496718_432091_432092_35801,../Data/audio/phn/voices/1269496718_432091_432092_35801.ogg,1269496718,070 6374336
1269496718_432175_432176_35223,../Data/audio/phn/voices/1269496718_432175_432176_35223.ogg,1269496718,010 4426182
1269496718_432181_432182_35900,../Data/audio/phn/voices/1269496718_432181_432182_35900.ogg,1269496718,070 4341529
763941567_432451_432456_35373,../Data/audio/phn/voices/763941567_432451_432456_35373.ogg,763941567,012 2641335
763941567_432569_432570_35842,../Data/audio/phn/voices/763941567_432569_432570_35842.ogg,763941567,070 6673657
954206432_432739_432743_35919,../Data/audio/phn/voices/954206432_432739_432743_35919.ogg,954206432,077 1158411
954206432_432773_432780_35839,../Data/audio/phn/voices/954206432_432773_432780_35839.ogg,954206432,070 4499138
954206432_432831_432837_35993,../Data/audio/phn/voices/954206432_432831_432837_35993.ogg,954206432,077 5778783
1269496718_433133_433134_35493,../Data/audio/phn/voices/1269496718_433133_433134_35493.ogg,1269496718,050 3448135
1269496718_433191_433194_35657,../Data/audio/phn/voices/1269496718_433191_433194_35657.ogg,1269496718,051 9449953
1269496718_433229_433236_35438,../Data/audio/phn/voices/1269496718_433229_433236_35438.ogg,1269496718,050 7829245
912272968_433468_433471_35981,../Data/audio/phn/voices/912272968_433468_433471_35981.ogg,912272968,077 1981142
1269496718_433612_433614_35650,../Data/audio/phn/voices/1269496718_433612_433614_35650.ogg,1269496718,051 6497968
912272968_433635_433638_35520,../Data/audio/phn/voices/912272968_433635_433638_35520.ogg,912272968,050 6565563
912272968_433743_433748_35531,../Data/audio/phn/voices/912272968_433743_433748_35531.ogg,912272968,050 5946586
1269496718_433795_433800_35828,../Data/audio/phn/voices/1269496718_433795_433800_35828.ogg,1269496718,070 7229888
1269496718_433903_433904_35620,../Data/audio/phn/voices/1269496718_433903_433904_35620.ogg,1269496718,051 1968283
912272968_433955_433958_35899,../Data/audio/phn/voices/912272968_433955_433958_35899.ogg,912272968,070 9468874
954206432_434014_434018_35367,../Data/audio/phn/voices/954206432_434014_434018_35367.ogg,954206432,012 3463172
912272968_434110_434113_35458,../Data/audio/phn/voices/912272968_434110_434113_35458.ogg,912272968,050 2174177
912272968_434339_434340_35349,../Data/audio/phn/voices/912272968_434339_434340_35349.ogg,912272968,012 6274726
912272968_434973_434978_35840,../Data/audio/phn/voices/912272968_434973_434978_35840.ogg,912272968,070 6851266
912272968_435083_435086_35353,../Data/audio/phn/voices/912272968_435083_435086_35353.ogg,912272968,012 2928854
619589413_435369_435374_35336,../Data/audio/phn/voices/619589413_435369_435374_35336.ogg,619589413,012 6737484
341881303_435444_435465_35944,../Data/audio/phn/voices/341881303_435444_435465_35944.ogg,341881303,077 3113432
341881303_435527_435539_35877,../Data/audio/phn/voices/341881303_435527_435539_35877.ogg,341881303,070 3512318
860296669_435593_435609_35486,../Data/audio/phn/voices/860296669_435593_435609_35486.ogg,860296669,050 3488348
1269496718_435766_435775_35727,../Data/audio/phn/voices/1269496718_435766_435775_35727.ogg,1269496718,055 5999591
1269496718_435864_435869_35602,../Data/audio/phn/voices/1269496718_435864_435869_35602.ogg,1269496718,051 2421973
619589413_435865_435878_35454,../Data/audio/phn/voices/619589413_435865_435878_35454.ogg,619589413,050 6214882
619589413_436272_436280_35575,../Data/audio/phn/voices/619589413_436272_436280_35575.ogg,619589413,051 6113364
619589413_436540_436548_36082,../Data/audio/phn/voices/619589413_436540_436548_36082.ogg,619589413,099 1278472
860296669_436562_436570_35596,../Data/audio/phn/voices/860296669_436562_436570_35596.ogg,860296669,051 4616186
619589413_436721_436731_36029,../Data/audio/phn/voices/619589413_436721_436731_36029.ogg,619589413,077 6878996
912272968_436744_436755_35989,../Data/audio/phn/voices/912272968_436744_436755_35989.ogg,912272968,077 9845723
1269496718_436750_436758_35278,../Data/audio/phn/voices/1269496718_436750_436758_35278.ogg,1269496718,010 3598869
619589413_436760_436768_36117,../Data/audio/phn/voices/619589413_436760_436768_36117.ogg,619589413,099 7157781
1269496718_436769_436778_35303,../Data/audio/phn/voices/1269496718_436769_436778_35303.ogg,1269496718,012 4387258
619589413_436828_436831_35940,../Data/audio/phn/voices/619589413_436828_436831_35940.ogg,619589413,077 5583358
1269496718_436859_436868_35212,../Data/audio/phn/voices/1269496718_436859_436868_35212.ogg,1269496718,010 1352463
912272968_437129_437146_36010,../Data/audio/phn/voices/912272968_437129_437146_36010.ogg,912272968,077 4213658
341881303_437352_437373_35545,../Data/audio/phn/voices/341881303_437352_437373_35545.ogg,341881303,051 5541565
341881303_437512_437521_35193,../Data/audio/phn/voices/341881303_437512_437521_35193.ogg,341881303,010 6555315
619589413_437595_437601_35821,../Data/audio/phn/voices/619589413_437595_437601_35821.ogg,619589413,070 8468139
341881303_437980_437988_35760,../Data/audio/phn/voices/341881303_437980_437988_35760.ogg,341881303,055 4294598
912272968_438078_438085_35717,../Data/audio/phn/voices/912272968_438078_438085_35717.ogg,912272968,055 2378277
341881303_438138_438147_35814,../Data/audio/phn/voices/341881303_438138_438147_35814.ogg,341881303,070 1334797
341881303_438224_438231_35606,../Data/audio/phn/voices/341881303_438224_438231_35606.ogg,341881303,051 9588396
341881303_438244_438250_35275,../Data/audio/phn/voices/341881303_438244_438250_35275.ogg,341881303,010 8365488
341881303_438741_438753_36078,../Data/audio/phn/voices/341881303_438741_438753_36078.ogg,341881303,099 3833761
341881303_438936_438944_36042,../Data/audio/phn/voices/341881303_438936_438944_36042.ogg,341881303,099 6967978
619589413_438992_438997_35997,../Data/audio/phn/voices/619589413_438992_438997_35997.ogg,619589413,077 6655736
341881303_439110_439114_35419,../Data/audio/phn/voices/341881303_439110_439114_35419.ogg,341881303,050 4837332
619589413_439474_439478_35387,../Data/audio/phn/voices/619589413_439474_439478_35387.ogg,619589413,012 1364399
619589413_439480_439483_35908,../Data/audio/phn/voices/619589413_439480_439483_35908.ogg,619589413,077 3391784
619589413_439814_439817_35860,../Data/audio/phn/voices/619589413_439814_439817_35860.ogg,619589413,070 3469295
619589413_439920_439921_35397,../Data/audio/phn/voices/619589413_439920_439921_35397.ogg,619589413,012 7495946
341881303_440044_440050_35297,../Data/audio/phn/voices/341881303_440044_440050_35297.ogg,341881303,012 9451944
341881303_440070_440075_35765,../Data/audio/phn/voices/341881303_440070_440075_35765.ogg,341881303,055 6265899
619589413_440225_440228_35979,../Data/audio/phn/voices/619589413_440225_440228_35979.ogg,619589413,077 2677293
341881303_440416_440424_35857,../Data/audio/phn/voices/341881303_440416_440424_35857.ogg,341881303,070 8634422
341881303_440585_440588_35406,../Data/audio/phn/voices/341881303_440585_440588_35406.ogg,341881303,012 8854425
619589413_440684_440687_35921,../Data/audio/phn/voices/619589413_440684_440687_35921.ogg,619589413,077 2316722
341881303_440760_440784_35593,../Data/audio/phn/voices/341881303_440760_440784_35593.ogg,341881303,051 1626385
619589413_440803_440804_35662,../Data/audio/phn/voices/619589413_440803_440804_35662.ogg,619589413,055 9253937
619589413_440902_440905_35999,../Data/audio/phn/voices/619589413_440902_440905_35999.ogg,619589413,077 9937582
341881303_440904_440907_35427,../Data/audio/phn/voices/341881303_440904_440907_35427.ogg,341881303,050 2565494
619589413_440906_440909_36152,../Data/audio/phn/voices/619589413_440906_440909_36152.ogg,619589413,099 8672468
619589413_440920_440923_35844,../Data/audio/phn/voices/619589413_440920_440923_35844.ogg,619589413,070 3422372
341881303_441016_441019_35846,../Data/audio/phn/voices/341881303_441016_441019_35846.ogg,341881303,070 8157236
341881303_441046_441047_35558,../Data/audio/phn/voices/341881303_441046_441047_35558.ogg,341881303,051 3765457
341881303_441094_441095_35984,../Data/audio/phn/voices/341881303_441094_441095_35984.ogg,341881303,077 9273374
341881303_441104_441109_35713,../Data/audio/phn/voices/341881303_441104_441109_35713.ogg,341881303,055 9733591
341881303_441211_441213_35316,../Data/audio/phn/voices/341881303_441211_441213_35316.ogg,341881303,012 3582924
1269496718_441330_441336_35942,../Data/audio/phn/voices/1269496718_441330_441336_35942.ogg,1269496718,077 1648846
619589413_441457_441458_35664,../Data/audio/phn/voices/619589413_441457_441458_35664.ogg,619589413,055 1653117
619589413_441726_441729_35428,../Data/audio/phn/voices/619589413_441726_441729_35428.ogg,619589413,050 1236193
341881303_441817_441823_35462,../Data/audio/phn/voices/341881303_441817_441823_35462.ogg,341881303,050 7335459
1269496718_441936_441939_35302,../Data/audio/phn/voices/1269496718_441936_441939_35302.ogg,1269496718,012 5978663
1269496718_442044_442051_36088,../Data/audio/phn/voices/1269496718_442044_442051_36088.ogg,1269496718,099 3997651
1269496718_442074_442079_35653,../Data/audio/phn/voices/1269496718_442074_442079_35653.ogg,1269496718,051 2376837
1269496718_442145_442150_35241,../Data/audio/phn/voices/1269496718_442145_442150_35241.ogg,1269496718,010 2814672
1269496718_442157_442160_35571,../Data/audio/phn/voices/1269496718_442157_442160_35571.ogg,1269496718,051 9859324
1269496718_442200_442201_35308,../Data/audio/phn/voices/1269496718_442200_442201_35308.ogg,1269496718,012 5573652
1269496718_442234_442236_35541,../Data/audio/phn/voices/1269496718_442234_442236_35541.ogg,1269496718,051 3375252
1269496718_442256_442257_35184,../Data/audio/phn/voices/1269496718_442256_442257_35184.ogg,1269496718,010 6155728
341881303_442387_442392_35356,../Data/audio/phn/voices/341881303_442387_442392_35356.ogg,341881303,012 3527276
1269496718_442440_442443_35425,../Data/audio/phn/voices/1269496718_442440_442443_35425.ogg,1269496718,050 4297159
341881303_442488_442489_35858,../Data/audio/phn/voices/341881303_442488_442489_35858.ogg,341881303,070 9758693
1013880018_442673_442678_35745,../Data/audio/phn/voices/1013880018_442673_442678_35745.ogg,1013880018,055 1491687
1201653758_443020_443021_36009,../Data/audio/phn/voices/1201653758_443020_443021_36009.ogg,1201653758,077 7455118
1201653758_443040_443041_36065,../Data/audio/phn/voices/1201653758_443040_443041_36065.ogg,1201653758,099 5133149
575298922_444646_444647_35392,../Data/audio/phn/voices/575298922_444646_444647_35392.ogg,575298922,012 3691555
539261624_428330_444653_36079,../Data/audio/phn/voices/539261624_428330_444653_36079.ogg,539261624,099 1574738
539261624_444662_444669_35567,../Data/audio/phn/voices/539261624_444662_444669_35567.ogg,539261624,051 4634278
1043664892_444783_444784_35346,../Data/audio/phn/voices/1043664892_444783_444784_35346.ogg,1043664892,012 9558324
1043664892_444804_444805_35980,../Data/audio/phn/voices/1043664892_444804_444805_35980.ogg,1043664892,077 5138493
1043664892_444857_444858_35658,../Data/audio/phn/voices/1043664892_444857_444858_35658.ogg,1043664892,051 8722689
575298922_444974_444975_35825,../Data/audio/phn/voices/575298922_444974_444975_35825.ogg,575298922,070 6445647
1128232293_445032_445033_35771,../Data/audio/phn/voices/1128232293_445032_445033_35771.ogg,1128232293,055 6352439
1013880018_445122_445123_36132,../Data/audio/phn/voices/1013880018_445122_445123_36132.ogg,1013880018,099 9183451
575298922_445330_445331_35750,../Data/audio/phn/voices/575298922_445330_445331_35750.ogg,575298922,055 3963829
1128232293_445424_445429_35835,../Data/audio/phn/voices/1128232293_445424_445429_35835.ogg,1128232293,070 3775657
1043664892_445442_445445_35712,../Data/audio/phn/voices/1043664892_445442_445445_35712.ogg,1043664892,055 7864557
1043664892_445465_445467_35181,../Data/audio/phn/voices/1043664892_445465_445467_35181.ogg,1043664892,010 3583955
1878274529_445488_445493_35347,../Data/audio/phn/voices/1878274529_445488_445493_35347.ogg,1878274529,012 5951837
1128232293_445658_445670_35609,../Data/audio/phn/voices/1128232293_445658_445670_35609.ogg,1128232293,051 1233328
1878274529_445699_445706_35328,../Data/audio/phn/voices/1878274529_445699_445706_35328.ogg,1878274529,012 6453794
1878274529_445718_445725_35841,../Data/audio/phn/voices/1878274529_445718_445725_35841.ogg,1878274529,070 9556589
575298922_445743_445777_36075,../Data/audio/phn/voices/575298922_445743_445777_36075.ogg,575298922,099 2811432
575298922_445914_445922_35436,../Data/audio/phn/voices/575298922_445914_445922_35436.ogg,575298922,050 4394869
1013880018_445944_445979_35252,../Data/audio/phn/voices/1013880018_445944_445979_35252.ogg,1013880018,010 4842779
575298922_446153_446160_35532,../Data/audio/phn/voices/575298922_446153_446160_35532.ogg,575298922,050 1554843
1043664892_446412_446418_35928,../Data/audio/phn/voices/1043664892_446412_446418_35928.ogg,1043664892,077 9252997
1043664892_446820_446828_35441,../Data/audio/phn/voices/1043664892_446820_446828_35441.ogg,1043664892,050 9264888
1128232293_446920_446927_35718,../Data/audio/phn/voices/1128232293_446920_446927_35718.ogg,1128232293,055 3969921
1043664892_446968_446974_35803,../Data/audio/phn/voices/1043664892_446968_446974_35803.ogg,1043664892,070 4127791
619589413_446988_446997_35174,../Data/audio/phn/voices/619589413_446988_446997_35174.ogg,619589413,010 7338391
1128232293_447072_447080_35885,../Data/audio/phn/voices/1128232293_447072_447080_35885.ogg,1128232293,070 4435357
1013880018_447269_447290_35737,../Data/audio/phn/voices/1013880018_447269_447290_35737.ogg,1013880018,055 5514137
619589413_447387_447396_35394,../Data/audio/phn/voices/619589413_447387_447396_35394.ogg,619589413,012 3745921
1013880018_447484_447497_35499,../Data/audio/phn/voices/1013880018_447484_447497_35499.ogg,1013880018,050 8973434
619589413_447605_447629_35250,../Data/audio/phn/voices/619589413_447605_447629_35250.ogg,619589413,010 7292132
1082554792_447745_447753_35599,../Data/audio/phn/voices/1082554792_447745_447753_35599.ogg,1082554792,051 9173143
976055738_447794_447806_35341,../Data/audio/phn/voices/976055738_447794_447806_35341.ogg,976055738,012 5936666
619589413_447885_447894_35523,../Data/audio/phn/voices/619589413_447885_447894_35523.ogg,619589413,050 3744216
619589413_447895_447902_35934,../Data/audio/phn/voices/619589413_447895_447902_35934.ogg,619589413,077 2573118
5591209497_447944_447960_35522,../Data/audio/phn/voices/5591209497_447944_447960_35522.ogg,5591209497,050 4818151
860296669_447965_447981_35735,../Data/audio/phn/voices/860296669_447965_447981_35735.ogg,860296669,055 8251746
5591209497_448138_448157_35233,../Data/audio/phn/voices/5591209497_448138_448157_35233.ogg,5591209497,010 8341329
1082554792_448237_448238_35643,../Data/audio/phn/voices/1082554792_448237_448238_35643.ogg,1082554792,051 4238382
1128232293_448477_448493_35642,../Data/audio/phn/voices/1128232293_448477_448493_35642.ogg,1128232293,051 3338396
5591209497_448531_448549_36133,../Data/audio/phn/voices/5591209497_448531_448549_36133.ogg,5591209497,099 1177536
1013880018_448588_448599_35240,../Data/audio/phn/voices/1013880018_448588_448599_35240.ogg,1013880018,010 1736543
314849420_448606_448619_35343,../Data/audio/phn/voices/314849420_448606_448619_35343.ogg,314849420,012 7649615
976055738_448586_448624_35518,../Data/audio/phn/voices/976055738_448586_448624_35518.ogg,976055738,050 9291638
976055738_448727_448747_35528,../Data/audio/phn/voices/976055738_448727_448747_35528.ogg,976055738,050 9152172
1878274529_448893_448906_35285,../Data/audio/phn/voices/1878274529_448893_448906_35285.ogg,1878274529,010 4618758
828296631_448959_448970_35467,../Data/audio/phn/voices/828296631_448959_448970_35467.ogg,828296631,050 8733415
5591209497_449263_449278_35694,../Data/audio/phn/voices/5591209497_449263_449278_35694.ogg,5591209497,055 2757212
1878274529_449281_449292_36070,../Data/audio/phn/voices/1878274529_449281_449292_36070.ogg,1878274529,099 5994933
1878274529_449362_449370_35414,../Data/audio/phn/voices/1878274529_449362_449370_35414.ogg,1878274529,050 7129279
314849420_449444_449456_35227,../Data/audio/phn/voices/314849420_449444_449456_35227.ogg,314849420,010 5235536
314849420_449513_449522_35199,../Data/audio/phn/voices/314849420_449513_449522_35199.ogg,314849420,010 7783827
5591209497_449482_449523_35573,../Data/audio/phn/voices/5591209497_449482_449523_35573.ogg,5591209497,051 4439445
1013880018_449702_449710_35382,../Data/audio/phn/voices/1013880018_449702_449710_35382.ogg,1013880018,012 5194659
1013880018_449712_449723_35886,../Data/audio/phn/voices/1013880018_449712_449723_35886.ogg,1013880018,070 5921461
976055738_449685_449751_36102,../Data/audio/phn/voices/976055738_449685_449751_36102.ogg,976055738,099 8457659
1878274529_449940_449947_35894,../Data/audio/phn/voices/1878274529_449940_449947_35894.ogg,1878274529,070 6345331
1013880018_449999_450009_35263,../Data/audio/phn/voices/1013880018_449999_450009_35263.ogg,1013880018,010 5124991
1878274529_450007_450013_35918,../Data/audio/phn/voices/1878274529_450007_450013_35918.ogg,1878274529,077 1471994
314849420_450012_450023_35413,../Data/audio/phn/voices/314849420_450012_450023_35413.ogg,314849420,050 1174572
314849420_450044_450051_35772,../Data/audio/phn/voices/314849420_450044_450051_35772.ogg,314849420,055 2731824
976055738_450056_450062_35968,../Data/audio/phn/voices/976055738_450056_450062_35968.ogg,976055738,077 8927743
1878274529_450170_450177_35168,../Data/audio/phn/voices/1878274529_450170_450177_35168.ogg,1878274529,010 5527833
1878274529_450204_450205_35228,../Data/audio/phn/voices/1878274529_450204_450205_35228.ogg,1878274529,010 9654477
314849420_450229_450236_36061,../Data/audio/phn/voices/314849420_450229_450236_36061.ogg,314849420,099 8112532
1878274529_450554_450567_35196,../Data/audio/phn/voices/1878274529_450554_450567_35196.ogg,1878274529,010 6543949
5591209497_450584_450595_35730,../Data/audio/phn/voices/5591209497_450584_450595_35730.ogg,5591209497,055 2195949
763941567_450601_450611_36084,../Data/audio/phn/voices/763941567_450601_450611_36084.ogg,763941567,099 4452942
763941567_450613_450622_35299,../Data/audio/phn/voices/763941567_450613_450622_35299.ogg,763941567,012 5273997
5591209497_450747_450761_36056,../Data/audio/phn/voices/5591209497_450747_450761_36056.ogg,5591209497,099 8215219
314849420_450801_450814_35478,../Data/audio/phn/voices/314849420_450801_450814_35478.ogg,314849420,050 4395435
5591209497_450958_450959_35313,../Data/audio/phn/voices/5591209497_450958_450959_35313.ogg,5591209497,012 4319793
1128232293_450778_450984_35670,../Data/audio/phn/voices/1128232293_450778_450984_35670.ogg,1128232293,055 3496793
5591209497_451009_451014_35815,../Data/audio/phn/voices/5591209497_451009_451014_35815.ogg,5591209497,070 9689819
763941567_451134_451142_35375,../Data/audio/phn/voices/763941567_451134_451142_35375.ogg,763941567,012 6892933
763941567_451222_451229_35705,../Data/audio/phn/voices/763941567_451222_451229_35705.ogg,763941567,055 5877691
5591209497_451526_451536_36145,../Data/audio/phn/voices/5591209497_451526_451536_36145.ogg,5591209497,099 3623188
763941567_451610_451616_36054,../Data/audio/phn/voices/763941567_451610_451616_36054.ogg,763941567,099 1817524
763941567_451628_451629_35697,../Data/audio/phn/voices/763941567_451628_451629_35697.ogg,763941567,055 2191465
763941567_451630_451633_36142,../Data/audio/phn/voices/763941567_451630_451633_36142.ogg,763941567,099 8393775
1013880018_451770_451806_35995,../Data/audio/phn/voices/1013880018_451770_451806_35995.ogg,1013880018,077 1652146
5591209497_451802_451812_35320,../Data/audio/phn/voices/5591209497_451802_451812_35320.ogg,5591209497,012 5348888
1013880018_451807_451814_36020,../Data/audio/phn/voices/1013880018_451807_451814_36020.ogg,1013880018,077 8238129
5591209497_452002_452011_35206,../Data/audio/phn/voices/5591209497_452002_452011_35206.ogg,5591209497,010 4446717
860296669_452398_452399_36144,../Data/audio/phn/voices/860296669_452398_452399_36144.ogg,860296669,099 8187893
892642911_452584_452597_35283,../Data/audio/phn/voices/892642911_452584_452597_35283.ogg,892642911,010 9879139
763941567_452592_452601_36024,../Data/audio/phn/voices/763941567_452592_452601_36024.ogg,763941567,077 5262423
976055738_452679_452691_35380,../Data/audio/phn/voices/976055738_452679_452691_35380.ogg,976055738,012 3356236
5591209497_452697_452712_35452,../Data/audio/phn/voices/5591209497_452697_452712_35452.ogg,5591209497,050 9123673
713611046_452687_452735_35244,../Data/audio/phn/voices/713611046_452687_452735_35244.ogg,713611046,010 1236642
539261624_452764_452775_35816,../Data/audio/phn/voices/539261624_452764_452775_35816.ogg,539261624,070 4964598
5591209497_452833_452849_35887,../Data/audio/phn/voices/5591209497_452833_452849_35887.ogg,5591209497,070 7679997
5591209497_452981_452993_35761,../Data/audio/phn/voices/5591209497_452981_452993_35761.ogg,5591209497,055 2549954
713611046_453523_453534_35891,../Data/audio/phn/voices/713611046_453523_453534_35891.ogg,713611046,070 5271342
976055738_453609_453624_35901,../Data/audio/phn/voices/976055738_453609_453624_35901.ogg,976055738,070 8197687
1878274529_453640_453650_35515,../Data/audio/phn/voices/1878274529_453640_453650_35515.ogg,1878274529,050 1665296
976055738_453705_453716_35949,../Data/audio/phn/voices/976055738_453705_453716_35949.ogg,976055738,077 8363638
713611046_453711_453729_35512,../Data/audio/phn/voices/713611046_453711_453729_35512.ogg,713611046,050 3963577
5591209497_453819_453826_35960,../Data/audio/phn/voices/5591209497_453819_453826_35960.ogg,5591209497,077 5136367
539261624_453832_453847_35534,../Data/audio/phn/voices/539261624_453832_453847_35534.ogg,539261624,050 3919881
1878274529_453857_453866_36085,../Data/audio/phn/voices/1878274529_453857_453866_36085.ogg,1878274529,099 9847883
539261624_453861_453877_35259,../Data/audio/phn/voices/539261624_453861_453877_35259.ogg,539261624,010 5536141
539261624_453943_453948_35230,../Data/audio/phn/voices/539261624_453943_453948_35230.ogg,539261624,010 7774228
5591209497_453950_453956_35348,../Data/audio/phn/voices/5591209497_453950_453956_35348.ogg,5591209497,012 6727771
5591209497_454158_454173_35231,../Data/audio/phn/voices/5591209497_454158_454173_35231.ogg,5591209497,010 4491392
426881765_454249_454263_35703,../Data/audio/phn/voices/426881765_454249_454263_35703.ogg,426881765,055 7561271
828296631_454331_454343_35680,../Data/audio/phn/voices/828296631_454331_454343_35680.ogg,828296631,055 9669185
539261624_454391_454399_35529,../Data/audio/phn/voices/539261624_454391_454399_35529.ogg,539261624,050 3462951
539261624_454592_454599_35415,../Data/audio/phn/voices/539261624_454592_454599_35415.ogg,539261624,050 9998127
539261624_454634_454651_35732,../Data/audio/phn/voices/539261624_454634_454651_35732.ogg,539261624,055 4617693
539261624_454718_454729_36043,../Data/audio/phn/voices/539261624_454718_454729_36043.ogg,539261624,099 2133434
426881765_454839_454854_35335,../Data/audio/phn/voices/426881765_454839_454854_35335.ogg,426881765,012 2461682
763941567_454897_454904_35365,../Data/audio/phn/voices/763941567_454897_454904_35365.ogg,763941567,012 3536191
763941567_454942_454959_35639,../Data/audio/phn/voices/763941567_454942_454959_35639.ogg,763941567,051 4266832
539261624_454971_454981_36067,../Data/audio/phn/voices/539261624_454971_454981_36067.ogg,539261624,099 4441381
892642911_455150_455163_35431,../Data/audio/phn/voices/892642911_455150_455163_35431.ogg,892642911,050 3231438
539261624_455171_455181_35819,../Data/audio/phn/voices/539261624_455171_455181_35819.ogg,539261624,070 8742631
1229817727_455213_455221_36068,../Data/audio/phn/voices/1229817727_455213_455221_36068.ogg,1229817727,099 3664325
1229817727_455222_455232_35920,../Data/audio/phn/voices/1229817727_455222_455232_35920.ogg,1229817727,077 4593414
763941567_455240_455249_35344,../Data/audio/phn/voices/763941567_455240_455249_35344.ogg,763941567,012 8298791
763941567_455475_455480_35975,../Data/audio/phn/voices/763941567_455475_455480_35975.ogg,763941567,077 8685257
763941567_455493_455501_36101,../Data/audio/phn/voices/763941567_455493_455501_36101.ogg,763941567,099 7994348
763941567_455678_455683_35701,../Data/audio/phn/voices/763941567_455678_455683_35701.ogg,763941567,055 4263351
892642911_455687_455691_35416,../Data/audio/phn/voices/892642911_455687_455691_35416.ogg,892642911,050 7688515
892642911_455752_455759_35682,../Data/audio/phn/voices/892642911_455752_455759_35682.ogg,892642911,055 2199991
828296631_455807_455815_35661,../Data/audio/phn/voices/828296631_455807_455815_35661.ogg,828296631,055 3845556
828296631_455910_455919_35211,../Data/audio/phn/voices/828296631_455910_455919_35211.ogg,828296631,010 4362895
5591209497_455934_455953_35889,../Data/audio/phn/voices/5591209497_455934_455953_35889.ogg,5591209497,070 8461974
539261624_456033_456041_36091,../Data/audio/phn/voices/539261624_456033_456041_36091.ogg,539261624,099 4113689
1229817727_456293_456312_35417,../Data/audio/phn/voices/1229817727_456293_456312_35417.ogg,1229817727,050 4451663
763941567_456525_456533_35628,../Data/audio/phn/voices/763941567_456525_456533_35628.ogg,763941567,051 4588243
539261624_456582_456597_35837,../Data/audio/phn/voices/539261624_456582_456597_35837.ogg,539261624,070 7631246
763941567_456622_456635_35409,../Data/audio/phn/voices/763941567_456622_456635_35409.ogg,763941567,012 3769594
828296631_456669_456679_35931,../Data/audio/phn/voices/828296631_456669_456679_35931.ogg,828296631,077 3257226
1128232293_456862_456875_35591,../Data/audio/phn/voices/1128232293_456862_456875_35591.ogg,1128232293,051 1141263
5591209497_456937_456953_35388,../Data/audio/phn/voices/5591209497_456937_456953_35388.ogg,5591209497,012 3948949
539261624_457004_457020_35530,../Data/audio/phn/voices/539261624_457004_457020_35530.ogg,539261624,050 6976159
1128232293_457077_457094_35447,../Data/audio/phn/voices/1128232293_457077_457094_35447.ogg,1128232293,050 5283384
763941567_457418_457423_35861,../Data/audio/phn/voices/763941567_457418_457423_35861.ogg,763941567,070 9527849
763941567_457425_457433_35888,../Data/audio/phn/voices/763941567_457425_457433_35888.ogg,763941567,070 6516624
5591209497_457555_457565_35635,../Data/audio/phn/voices/5591209497_457555_457565_35635.ogg,5591209497,051 4443676
763941567_457631_457649_35923,../Data/audio/phn/voices/763941567_457631_457649_35923.ogg,763941567,077 4792654
1128232293_457622_457655_35641,../Data/audio/phn/voices/1128232293_457622_457655_35641.ogg,1128232293,051 5119161
828296631_457734_457750_35423,../Data/audio/phn/voices/828296631_457734_457750_35423.ogg,828296631,050 7891919
1128232293_457871_457903_35487,../Data/audio/phn/voices/1128232293_457871_457903_35487.ogg,1128232293,050 7975579
763941567_457943_457958_35296,../Data/audio/phn/voices/763941567_457943_457958_35296.ogg,763941567,012 5775731
763941567_458176_458188_35463,../Data/audio/phn/voices/763941567_458176_458188_35463.ogg,763941567,050 5969554
763941567_458295_458303_35384,../Data/audio/phn/voices/763941567_458295_458303_35384.ogg,763941567,012 7892797
713611046_458324_458329_35538,../Data/audio/phn/voices/713611046_458324_458329_35538.ogg,713611046,051 2855997
713611046_458458_458468_36149,../Data/audio/phn/voices/713611046_458458_458468_36149.ogg,713611046,099 2172293
763941567_458533_458543_35577,../Data/audio/phn/voices/763941567_458533_458543_35577.ogg,763941567,051 2455981
1878274529_458542_458549_35776,../Data/audio/phn/voices/1878274529_458542_458549_35776.ogg,1878274529,055 4464132
1878274529_458602_458610_36047,../Data/audio/phn/voices/1878274529_458602_458610_36047.ogg,1878274529,099 8998759
763941567_458712_458718_35364,../Data/audio/phn/voices/763941567_458712_458718_35364.ogg,763941567,012 7782665
1878274529_458771_458775_35663,../Data/audio/phn/voices/1878274529_458771_458775_35663.ogg,1878274529,055 5785271
763941567_458814_458825_35954,../Data/audio/phn/voices/763941567_458814_458825_35954.ogg,763941567,077 5582528
1878274529_459112_459119_35176,../Data/audio/phn/voices/1878274529_459112_459119_35176.ogg,1878274529,010 8468322
1229817727_459173_459194_35916,../Data/audio/phn/voices/1229817727_459173_459194_35916.ogg,1229817727,077 2712122
1878274529_459207_459214_35610,../Data/audio/phn/voices/1878274529_459207_459214_35610.ogg,1878274529,051 5868134
539261624_459271_459280_35731,../Data/audio/phn/voices/539261624_459271_459280_35731.ogg,539261624,055 4199435
575298922_459302_459315_35800,../Data/audio/phn/voices/575298922_459302_459315_35800.ogg,575298922,070 6326635
1297961140_459476_459485_35312,../Data/audio/phn/voices/1297961140_459476_459485_35312.ogg,1297961140,012 4731289
1229817727_459711_459729_36115,../Data/audio/phn/voices/1229817727_459711_459729_36115.ogg,1229817727,099 5135675
575298922_459732_459744_36055,../Data/audio/phn/voices/575298922_459732_459744_36055.ogg,575298922,099 5541243
1878274529_459819_459824_35453,../Data/audio/phn/voices/1878274529_459819_459824_35453.ogg,1878274529,050 2812195
1878274529_460323_460330_35818,../Data/audio/phn/voices/1878274529_460323_460330_35818.ogg,1878274529,070 9859584
1297961140_460373_460382_35552,../Data/audio/phn/voices/1297961140_460373_460382_35552.ogg,1297961140,051 1435759
539261624_460428_460435_35317,../Data/audio/phn/voices/539261624_460428_460435_35317.ogg,539261624,012 8176589
1878274529_460503_460506_35243,../Data/audio/phn/voices/1878274529_460503_460506_35243.ogg,1878274529,010 2818415
763941567_460581_460586_36107,../Data/audio/phn/voices/763941567_460581_460586_36107.ogg,763941567,099 4929216
1082554792_460678_460684_35937,../Data/audio/phn/voices/1082554792_460678_460684_35937.ogg,1082554792,077 7744388
1878274529_460749_460758_35625,../Data/audio/phn/voices/1878274529_460749_460758_35625.ogg,1878274529,051 9189161
1082554792_460788_460798_36135,../Data/audio/phn/voices/1082554792_460788_460798_36135.ogg,1082554792,099 9357962
1878274529_460949_460953_35708,../Data/audio/phn/voices/1878274529_460949_460953_35708.ogg,1878274529,055 1388492
763941567_461090_461096_35892,../Data/audio/phn/voices/763941567_461090_461096_35892.ogg,763941567,070 2659758
539261624_461225_461234_35403,../Data/audio/phn/voices/539261624_461225_461234_35403.ogg,539261624,012 2878511
1201653758_461537_461551_35929,../Data/audio/phn/voices/1201653758_461537_461551_35929.ogg,1201653758,077 7986399
539261624_461587_461598_35739,../Data/audio/phn/voices/539261624_461587_461598_35739.ogg,539261624,055 9937879
1297961140_461653_461666_36103,../Data/audio/phn/voices/1297961140_461653_461666_36103.ogg,1297961140,099 9683749
1297961140_461856_461862_35946,../Data/audio/phn/voices/1297961140_461856_461862_35946.ogg,1297961140,077 5287968
1013880018_461891_461905_35565,../Data/audio/phn/voices/1013880018_461891_461905_35565.ogg,1013880018,051 1754596
1013880018_461927_461941_35292,../Data/audio/phn/voices/1013880018_461927_461941_35292.ogg,1013880018,012 1324245
1201653758_462345_462357_35339,../Data/audio/phn/voices/1201653758_462345_462357_35339.ogg,1201653758,012 3156183
539261624_462714_462727_35376,../Data/audio/phn/voices/539261624_462714_462727_35376.ogg,539261624,012 1865262
539261624_463145_463160_36071,../Data/audio/phn/voices/539261624_463145_463160_36071.ogg,539261624,099 3336695
1297961140_463358_463373_36094,../Data/audio/phn/voices/1297961140_463358_463373_36094.ogg,1297961140,099 5763868
671891258_463413_463421_35719,../Data/audio/phn/voices/671891258_463413_463421_35719.ogg,671891258,055 1951513
860296669_463422_463434_35420,../Data/audio/phn/voices/860296669_463422_463434_35420.ogg,860296669,050 2239734
1009209372_463607_463618_35874,../Data/audio/phn/voices/1009209372_463607_463618_35874.ogg,1009209372,070 6563127
1297961140_463644_463654_35614,../Data/audio/phn/voices/1297961140_463644_463654_35614.ogg,1297961140,051 1165917
539261624_463693_463708_36002,../Data/audio/phn/voices/539261624_463693_463708_36002.ogg,539261624,077 5539528
671891258_463909_463917_35429,../Data/audio/phn/voices/671891258_463909_463917_35429.ogg,671891258,050 5485261
671891258_464049_464064_36083,../Data/audio/phn/voices/671891258_464049_464064_36083.ogg,671891258,099 7745976
539261624_464155_464168_35674,../Data/audio/phn/voices/539261624_464155_464168_35674.ogg,539261624,055 5715463
426881765_464452_464476_35444,../Data/audio/phn/voices/426881765_464452_464476_35444.ogg,426881765,050 6415824
1201653758_464669_464687_35990,../Data/audio/phn/voices/1201653758_464669_464687_35990.ogg,1201653758,077 7368388
860296669_464895_464898_36003,../Data/audio/phn/voices/860296669_464895_464898_36003.ogg,860296669,077 8786688
426881765_464979_465002_35180,../Data/audio/phn/voices/426881765_464979_465002_35180.ogg,426881765,010 8694264
539261624_465524_465539_35548,../Data/audio/phn/voices/539261624_465524_465539_35548.ogg,539261624,051 4221727
860296669_465572_465589_35766,../Data/audio/phn/voices/860296669_465572_465589_35766.ogg,860296669,055 8448144
640339050_465624_465655_35607,../Data/audio/phn/voices/640339050_465624_465655_35607.ogg,640339050,051 9949958
828296631_465703_465724_35862,../Data/audio/phn/voices/828296631_465703_465724_35862.ogg,828296631,070 6329218
539261624_465853_465887_35267,../Data/audio/phn/voices/539261624_465853_465887_35267.ogg,539261624,010 7856219
426881765_466025_466055_35366,../Data/audio/phn/voices/426881765_466025_466055_35366.ogg,426881765,012 4149738
809763511_466182_466191_35883,../Data/audio/phn/voices/809763511_466182_466191_35883.ogg,809763511,070 9732733
671891258_466165_466193_35236,../Data/audio/phn/voices/671891258_466165_466193_35236.ogg,671891258,010 5549988
1201653758_466216_466232_35675,../Data/audio/phn/voices/1201653758_466216_466232_35675.ogg,1201653758,055 2955665
640339050_466240_466263_35843,../Data/audio/phn/voices/640339050_466240_466263_35843.ogg,640339050,070 2949678
426881765_466308_466349_36027,../Data/audio/phn/voices/426881765_466308_466349_36027.ogg,426881765,077 9433564
1082554792_466475_466491_35831,../Data/audio/phn/voices/1082554792_466475_466491_35831.ogg,1082554792,070 2231515
671891258_466600_466611_35586,../Data/audio/phn/voices/671891258_466600_466611_35586.ogg,671891258,051 5641775
1128232293_466636_466648_35947,../Data/audio/phn/voices/1128232293_466636_466648_35947.ogg,1128232293,077 7888438
828296631_467164_467175_35479,../Data/audio/phn/voices/828296631_467164_467175_35479.ogg,828296631,050 8766348
671891258_467198_467208_35304,../Data/audio/phn/voices/671891258_467198_467208_35304.ogg,671891258,012 9275983
828296631_467273_467288_35561,../Data/audio/phn/voices/828296631_467273_467288_35561.ogg,828296631,051 5738256
860296669_467081_467356_35959,../Data/audio/phn/voices/860296669_467081_467356_35959.ogg,860296669,077 4844417
860296669_467405_467433_35668,../Data/audio/phn/voices/860296669_467405_467433_35668.ogg,860296669,055 2943999
860296669_467631_467633_35450,../Data/audio/phn/voices/860296669_467631_467633_35450.ogg,860296669,050 9472461
539261624_467757_467772_35246,../Data/audio/phn/voices/539261624_467757_467772_35246.ogg,539261624,010 2141241
539261624_467914_467933_35611,../Data/audio/phn/voices/539261624_467914_467933_35611.ogg,539261624,051 9363785
828296631_468017_468037_35572,../Data/audio/phn/voices/828296631_468017_468037_35572.ogg,828296631,051 2462255
828296631_468172_468182_35655,../Data/audio/phn/voices/828296631_468172_468182_35655.ogg,828296631,051 2378825
539261624_468438_468474_36080,../Data/audio/phn/voices/539261624_468438_468474_36080.ogg,539261624,099 9876454
2016758610_468645_468667_35219,../Data/audio/phn/voices/2016758610_468645_468667_35219.ogg,2016758610,010 8755786
1229817727_468685_468692_35503,../Data/audio/phn/voices/1229817727_468685_468692_35503.ogg,1229817727,050 8466519
1229817727_468707_468716_35845,../Data/audio/phn/voices/1229817727_468707_468716_35845.ogg,1229817727,070 6913185
1201653758_468789_468794_35525,../Data/audio/phn/voices/1201653758_468789_468794_35525.ogg,1201653758,050 2887322
1229817727_469147_469154_35506,../Data/audio/phn/voices/1229817727_469147_469154_35506.ogg,1229817727,050 1186223
314849420_469174_469206_35849,../Data/audio/phn/voices/314849420_469174_469206_35849.ogg,314849420,070 3428385
1297961140_469334_469343_35638,../Data/audio/phn/voices/1297961140_469334_469343_35638.ogg,1297961140,051 5365931
671891258_469482_469489_35191,../Data/audio/phn/voices/671891258_469482_469489_35191.ogg,671891258,010 2171133
671891258_469528_469539_36036,../Data/audio/phn/voices/671891258_469528_469539_36036.ogg,671891258,099 8273938
1229817727_469538_469560_35352,../Data/audio/phn/voices/1229817727_469538_469560_35352.ogg,1229817727,012 8253264
1229817727_469563_469584_35237,../Data/audio/phn/voices/1229817727_469563_469584_35237.ogg,1229817727,010 6462699
892642911_469773_469788_35792,../Data/audio/phn/voices/892642911_469773_469788_35792.ogg,892642911,070 9658736
671891258_469829_469841_35474,../Data/audio/phn/voices/671891258_469829_469841_35474.ogg,671891258,050 4842274
671891258_469843_469852_35271,../Data/audio/phn/voices/671891258_469843_469852_35271.ogg,671891258,010 2938893
1013880018_470040_470058_36039,../Data/audio/phn/voices/1013880018_470040_470058_36039.ogg,1013880018,099 8558715
2016758610_470047_470065_35482,../Data/audio/phn/voices/2016758610_470047_470065_35482.ogg,2016758610,050 8965987
1082554792_470211_470225_35878,../Data/audio/phn/voices/1082554792_470211_470225_35878.ogg,1082554792,070 4772911
828296631_470234_470252_35864,../Data/audio/phn/voices/828296631_470234_470252_35864.ogg,828296631,070 6291929
2016758610_470301_470311_36037,../Data/audio/phn/voices/2016758610_470301_470311_36037.ogg,2016758610,099 8422183
892642911_470318_470327_35788,../Data/audio/phn/voices/892642911_470318_470327_35788.ogg,892642911,070 4692693
2016758610_470402_470413_35505,../Data/audio/phn/voices/2016758610_470402_470413_35505.ogg,2016758610,050 8553644
1297961140_470510_470522_35671,../Data/audio/phn/voices/1297961140_470510_470522_35671.ogg,1297961140,055 2492775
1297961140_470655_470669_36016,../Data/audio/phn/voices/1297961140_470655_470669_36016.ogg,1297961140,077 9581847
892642911_470981_470992_36026,../Data/audio/phn/voices/892642911_470981_470992_36026.ogg,892642911,077 4299226
671891258_470999_471006_35432,../Data/audio/phn/voices/671891258_470999_471006_35432.ogg,671891258,050 9472828
2016758610_471305_471317_35806,../Data/audio/phn/voices/2016758610_471305_471317_35806.ogg,2016758610,070 8259879
1297961140_471743_471756_35480,../Data/audio/phn/voices/1297961140_471743_471756_35480.ogg,1297961140,050 9997537
1297961140_472105_472119_35767,../Data/audio/phn/voices/1297961140_472105_472119_35767.ogg,1297961140,055 7699327
809763511_472145_472156_35553,../Data/audio/phn/voices/809763511_472145_472156_35553.ogg,809763511,051 4272689
809763511_472168_472179_35986,../Data/audio/phn/voices/809763511_472168_472179_35986.ogg,809763511,077 6565116
671891258_472384_472396_36005,../Data/audio/phn/voices/671891258_472384_472396_36005.ogg,671891258,077 3252942
671891258_472611_472622_35201,../Data/audio/phn/voices/671891258_472611_472622_35201.ogg,671891258,010 7783724
1082554792_472662_472693_36062,../Data/audio/phn/voices/1082554792_472662_472693_36062.ogg,1082554792,099 9347751
892642911_472691_472706_35914,../Data/audio/phn/voices/892642911_472691_472706_35914.ogg,892642911,077 7346194
671891258_472771_472786_36073,../Data/audio/phn/voices/671891258_472771_472786_36073.ogg,671891258,099 1568185
1201653758_472768_472791_35574,../Data/audio/phn/voices/1201653758_472768_472791_35574.ogg,1201653758,051 1629192
1201653758_472794_472811_35386,../Data/audio/phn/voices/1201653758_472794_472811_35386.ogg,1201653758,012 4418274
671891258_473140_473179_35758,../Data/audio/phn/voices/671891258_473140_473179_35758.ogg,671891258,055 5526888
1013880018_473190_473209_35649,../Data/audio/phn/voices/1013880018_473190_473209_35649.ogg,1013880018,051 3648213
1201653758_473196_473214_35925,../Data/audio/phn/voices/1201653758_473196_473214_35925.ogg,1201653758,077 1122377
892642911_473359_473372_35295,../Data/audio/phn/voices/892642911_473359_473372_35295.ogg,892642911,012 3222983
976055738_473411_473476_36114,../Data/audio/phn/voices/976055738_473411_473476_36114.ogg,976055738,099 3116434
809763511_474241_474261_35465,../Data/audio/phn/voices/809763511_474241_474261_35465.ogg,809763511,050 2764777
1082554792_474336_474349_35393,../Data/audio/phn/voices/1082554792_474336_474349_35393.ogg,1082554792,012 4682133
809763511_474448_474472_35613,../Data/audio/phn/voices/809763511_474448_474472_35613.ogg,809763511,051 7327162
1082554792_474544_474560_35633,../Data/audio/phn/voices/1082554792_474544_474560_35633.ogg,1082554792,051 3836894
713611046_474572_474603_36004,../Data/audio/phn/voices/713611046_474572_474603_36004.ogg,713611046,077 4445173
640339050_474663_474695_35751,../Data/audio/phn/voices/640339050_474663_474695_35751.ogg,640339050,055 3954551
713611046_474943_474982_36006,../Data/audio/phn/voices/713611046_474943_474982_36006.ogg,713611046,077 6887425
2016758610_475021_475039_35508,../Data/audio/phn/voices/2016758610_475021_475039_35508.ogg,2016758610,050 7296192
1297961140_475038_475048_36028,../Data/audio/phn/voices/1297961140_475038_475048_36028.ogg,1297961140,077 2189411
713611046_475060_475098_35660,../Data/audio/phn/voices/713611046_475060_475098_35660.ogg,713611046,055 2347834
1297961140_475181_475196_35177,../Data/audio/phn/voices/1297961140_475181_475196_35177.ogg,1297961140,010 3215977
2016758610_475224_475241_35381,../Data/audio/phn/voices/2016758610_475224_475241_35381.ogg,2016758610,012 3433138
2016758610_475277_475287_35603,../Data/audio/phn/voices/2016758610_475277_475287_35603.ogg,2016758610,051 8652342
892642911_475599_475614_35850,../Data/audio/phn/voices/892642911_475599_475614_35850.ogg,892642911,070 5869652
1201653758_475607_475624_35636,../Data/audio/phn/voices/1201653758_475607_475624_35636.ogg,1201653758,051 2531971
713611046_475717_475750_35875,../Data/audio/phn/voices/713611046_475717_475750_35875.ogg,713611046,070 4553137
1297961140_475974_475996_35279,../Data/audio/phn/voices/1297961140_475974_475996_35279.ogg,1297961140,010 2189496
426881765_476112_476155_35549,../Data/audio/phn/voices/426881765_476112_476155_35549.ogg,426881765,051 3456467
1009209372_476235_476252_36086,../Data/audio/phn/voices/1009209372_476235_476252_36086.ogg,1009209372,099 6753265
2016758610_476338_476353_36141,../Data/audio/phn/voices/2016758610_476338_476353_36141.ogg,2016758610,099 4791248
1297961140_476386_476409_35863,../Data/audio/phn/voices/1297961140_476386_476409_35863.ogg,1297961140,070 6389654
2016758610_476462_476481_35451,../Data/audio/phn/voices/2016758610_476462_476481_35451.ogg,2016758610,050 4343135
671891258_476620_476646_35557,../Data/audio/phn/voices/671891258_476620_476646_35557.ogg,671891258,051 9674974
671891258_476705_476717_35637,../Data/audio/phn/voices/671891258_476705_476717_35637.ogg,671891258,051 4518148
1297961140_477020_477037_35443,../Data/audio/phn/voices/1297961140_477020_477037_35443.ogg,1297961140,050 6362928
1201653758_477203_477302_35331,../Data/audio/phn/voices/1201653758_477203_477302_35331.ogg,1201653758,012 5681412
2016758610_477439_477454_36045,../Data/audio/phn/voices/2016758610_477439_477454_36045.ogg,2016758610,099 5829911
640339050_477512_477537_35829,../Data/audio/phn/voices/640339050_477512_477537_35829.ogg,640339050,070 3629693
314849420_477597_477627_35623,../Data/audio/phn/voices/314849420_477597_477627_35623.ogg,314849420,051 8918818
2016758610_477714_477728_35932,../Data/audio/phn/voices/2016758610_477714_477728_35932.ogg,2016758610,077 4953744
809763511_477766_477784_35272,../Data/audio/phn/voices/809763511_477766_477784_35272.ogg,809763511,010 2542291
1082554792_477779_477790_36053,../Data/audio/phn/voices/1082554792_477779_477790_36053.ogg,1082554792,099 8854516
1082554792_478060_478069_35951,../Data/audio/phn/voices/1082554792_478060_478069_35951.ogg,1082554792,077 4866982
1009209372_478120_478142_35448,../Data/audio/phn/voices/1009209372_478120_478142_35448.ogg,1009209372,050 4293843
713611046_478335_478357_35973,../Data/audio/phn/voices/713611046_478335_478357_35973.ogg,713611046,077 9942682
671891258_478350_478362_35239,../Data/audio/phn/voices/671891258_478350_478362_35239.ogg,671891258,010 2685623
713611046_478487_478523_35314,../Data/audio/phn/voices/713611046_478487_478523_35314.ogg,713611046,012 1599838
671891258_478593_478609_36130,../Data/audio/phn/voices/671891258_478593_478609_36130.ogg,671891258,099 2926321
1082554792_478615_478623_35164,../Data/audio/phn/voices/1082554792_478615_478623_35164.ogg,1082554792,010 6131238
2016758610_478651_478668_35333,../Data/audio/phn/voices/2016758610_478651_478668_35333.ogg,2016758610,012 5545446
640339050_478725_478754_36099,../Data/audio/phn/voices/640339050_478725_478754_36099.ogg,640339050,099 9176999
640339050_478906_478923_35583,../Data/audio/phn/voices/640339050_478906_478923_35583.ogg,640339050,051 9499175
640339050_478942_478957_36011,../Data/audio/phn/voices/640339050_478942_478957_36011.ogg,640339050,077 8797633
809763511_478975_478983_35195,../Data/audio/phn/voices/809763511_478975_478983_35195.ogg,809763511,010 4662474
1009209372_479019_479038_35710,../Data/audio/phn/voices/1009209372_479019_479038_35710.ogg,1009209372,055 6762275
1201653758_479064_479089_35775,../Data/audio/phn/voices/1201653758_479064_479089_35775.ogg,1201653758,055 3968575
1201653758_479449_479464_35684,../Data/audio/phn/voices/1201653758_479449_479464_35684.ogg,1201653758,055 3417177
640339050_479568_479596_35581,../Data/audio/phn/voices/640339050_479568_479596_35581.ogg,640339050,051 5459369
2016758610_479833_479853_35938,../Data/audio/phn/voices/2016758610_479833_479853_35938.ogg,2016758610,077 8135896
809763511_479939_479949_35481,../Data/audio/phn/voices/809763511_479939_479949_35481.ogg,809763511,050 5645212
809763511_479952_479964_35194,../Data/audio/phn/voices/809763511_479952_479964_35194.ogg,809763511,010 9525438
1201653758_479973_479987_35338,../Data/audio/phn/voices/1201653758_479973_479987_35338.ogg,1201653758,012 4648388
809763511_480056_480066_35391,../Data/audio/phn/voices/809763511_480056_480066_35391.ogg,809763511,012 4815513
809763511_480280_480293_35585,../Data/audio/phn/voices/809763511_480280_480293_35585.ogg,809763511,051 7585733
671891258_480450_480459_35826,../Data/audio/phn/voices/671891258_480450_480459_35826.ogg,671891258,070 9736184
809763511_480468_480479_35287,../Data/audio/phn/voices/809763511_480468_480479_35287.ogg,809763511,010 1578295
2016758610_480496_480504_35656,../Data/audio/phn/voices/2016758610_480496_480504_35656.ogg,2016758610,051 8277131
2016758610_480585_480597_35286,../Data/audio/phn/voices/2016758610_480585_480597_35286.ogg,2016758610,010 4262891
2016758610_480807_480822_35318,../Data/audio/phn/voices/2016758610_480807_480822_35318.ogg,2016758610,012 3315549
713611046_481171_481197_35781,../Data/audio/phn/voices/713611046_481171_481197_35781.ogg,713611046,055 2947195
809763511_481207_481217_35407,../Data/audio/phn/voices/809763511_481207_481217_35407.ogg,809763511,012 5247454
671891258_481220_481236_35630,../Data/audio/phn/voices/671891258_481220_481236_35630.ogg,671891258,051 6968887
671891258_481379_481392_35777,../Data/audio/phn/voices/671891258_481379_481392_35777.ogg,671891258,055 5313333
809763511_481520_481529_35770,../Data/audio/phn/voices/809763511_481520_481529_35770.ogg,809763511,055 9261349
671891258_481627_481634_35262,../Data/audio/phn/voices/671891258_481627_481634_35262.ogg,671891258,010 6331271
1082554792_481767_481777_35422,../Data/audio/phn/voices/1082554792_481767_481777_35422.ogg,1082554792,050 6545429
640339050_481913_481935_35277,../Data/audio/phn/voices/640339050_481913_481935_35277.ogg,640339050,010 5985967
809763511_482214_482228_35721,../Data/audio/phn/voices/809763511_482214_482228_35721.ogg,809763511,055 6819118
2016758610_482227_482243_35714,../Data/audio/phn/voices/2016758610_482227_482243_35714.ogg,2016758610,055 7963931
2016758610_482782_482793_36128,../Data/audio/phn/voices/2016758610_482782_482793_36128.ogg,2016758610,099 6181356
809763511_482984_482990_35648,../Data/audio/phn/voices/809763511_482984_482990_35648.ogg,809763511,051 9234746
713611046_483228_483249_36143,../Data/audio/phn/voices/713611046_483228_483249_36143.ogg,713611046,099 8991951
640339050_483300_483311_35543,../Data/audio/phn/voices/640339050_483300_483311_35543.ogg,640339050,051 6694363
809763511_483695_483701_35707,../Data/audio/phn/voices/809763511_483695_483701_35707.ogg,809763511,055 7998699
640339050_483747_483753_35209,../Data/audio/phn/voices/640339050_483747_483753_35209.ogg,640339050,010 9247665
809763511_483833_483848_35400,../Data/audio/phn/voices/809763511_483833_483848_35400.ogg,809763511,012 1196983
640339050_483869_483880_35580,../Data/audio/phn/voices/640339050_483869_483880_35580.ogg,640339050,051 3185532
809763511_483890_483898_35702,../Data/audio/phn/voices/809763511_483890_483898_35702.ogg,809763511,055 9752968
1009209372_483969_483971_35952,../Data/audio/phn/voices/1009209372_483969_483971_35952.ogg,1009209372,077 5149286
809763511_484266_484272_35644,../Data/audio/phn/voices/809763511_484266_484272_35644.ogg,809763511,051 8346817
1009209372_485167_485172_35268,../Data/audio/phn/voices/1009209372_485167_485172_35268.ogg,1009209372,010 9976413
1009209372_485362_485365_35748,../Data/audio/phn/voices/1009209372_485362_485365_35748.ogg,1009209372,055 5474928
329749591_485578_485581_35785,../Data/audio/phn/voices/329749591_485578_485581_35785.ogg,329749591,070 6296883
1009209372_485593_485596_35501,../Data/audio/phn/voices/1009209372_485593_485596_35501.ogg,1009209372,050 1682591
329749591_485771_485780_35408,../Data/audio/phn/voices/329749591_485771_485780_35408.ogg,329749591,012 9724194
329749591_486156_486157_35437,../Data/audio/phn/voices/329749591_486156_486157_35437.ogg,329749591,050 9387791
329749591_486216_486217_35879,../Data/audio/phn/voices/329749591_486216_486217_35879.ogg,329749591,070 6255895
329749591_486323_486324_35615,../Data/audio/phn/voices/329749591_486323_486324_35615.ogg,329749591,051 9948871
329749591_486442_486443_35626,../Data/audio/phn/voices/329749591_486442_486443_35626.ogg,329749591,051 2561624
329749591_486452_486453_35612,../Data/audio/phn/voices/329749591_486452_486453_35612.ogg,329749591,051 9196984
329749591_486720_486721_35743,../Data/audio/phn/voices/329749591_486720_486721_35743.ogg,329749591,055 7391531
329749591_486730_486731_35811,../Data/audio/phn/voices/329749591_486730_486731_35811.ogg,329749591,070 6946627
329749591_486756_486757_35434,../Data/audio/phn/voices/329749591_486756_486757_35434.ogg,329749591,050 1961514
329749591_486788_486789_35513,../Data/audio/phn/voices/329749591_486788_486789_35513.ogg,329749591,050 3377958
329749591_486887_486888_36000,../Data/audio/phn/voices/329749591_486887_486888_36000.ogg,329749591,077 3553976
329749591_486897_486898_35741,../Data/audio/phn/voices/329749591_486897_486898_35741.ogg,329749591,055 7148667
329749591_487026_487027_35604,../Data/audio/phn/voices/329749591_487026_487027_35604.ogg,329749591,051 3431315
329749591_487130_487131_35582,../Data/audio/phn/voices/329749591_487130_487131_35582.ogg,329749591,051 5641946
329749591_487282_487283_35700,../Data/audio/phn/voices/329749591_487282_487283_35700.ogg,329749591,055 3137766
