audio,audio_filepath,speaker,transcript
112291944_413411_413412_26524,../Data/audio/car/voices/112291944_413411_413412_26524.ogg,112291944,48-YT-194
1150481435_413529_413530_26156,../Data/audio/car/voices/1150481435_413529_413530_26156.ogg,1150481435,43-VD-111
1150481435_413599_413600_26469,../Data/audio/car/voices/1150481435_413599_413600_26469.ogg,1150481435,08-DM-819
1150481435_413611_413612_26961,../Data/audio/car/voices/1150481435_413611_413612_26961.ogg,1150481435,42-DN-197
1150481435_413716_413719_26252,../Data/audio/car/voices/1150481435_413716_413719_26252.ogg,1150481435,23-VJ-951
1150481435_413734_413735_26258,../Data/audio/car/voices/1150481435_413734_413735_26258.ogg,1150481435,26-NZ-507
1150481435_413774_413775_26693,../Data/audio/car/voices/1150481435_413774_413775_26693.ogg,1150481435,50-LP-701
1150481435_413970_413971_27074,../Data/audio/car/voices/1150481435_413970_413971_27074.ogg,1150481435,31-DS-087
1150481435_413988_413989_26368,../Data/audio/car/voices/1150481435_413988_413989_26368.ogg,1150481435,03-YD-151
910545275_414180_414181_26480,../Data/audio/car/voices/910545275_414180_414181_26480.ogg,910545275,45-XQ-401
910545275_414360_414363_27051,../Data/audio/car/voices/910545275_414360_414363_27051.ogg,910545275,11-SL-342
910545275_414412_414415_26620,../Data/audio/car/voices/910545275_414412_414415_26620.ogg,910545275,43-ZE-516
1150481435_414496_414497_26811,../Data/audio/car/voices/1150481435_414496_414497_26811.ogg,1150481435,24-XU-087
1150481435_414498_414499_26973,../Data/audio/car/voices/1150481435_414498_414499_26973.ogg,1150481435,46-JB-771
1150481435_414536_414539_26611,../Data/audio/car/voices/1150481435_414536_414539_26611.ogg,1150481435,33-CF-276
910545275_414566_414569_26281,../Data/audio/car/voices/910545275_414566_414569_26281.ogg,910545275,18-GN-006
1150481435_414614_414615_27023,../Data/audio/car/voices/1150481435_414614_414615_27023.ogg,1150481435,04-HB-892
910545275_414648_414651_26960,../Data/audio/car/voices/910545275_414648_414651_26960.ogg,910545275,69-WS-422
1150481435_414720_414723_26213,../Data/audio/car/voices/1150481435_414720_414723_26213.ogg,1150481435,01-DD-585
1150481435_414764_414765_26922,../Data/audio/car/voices/1150481435_414764_414765_26922.ogg,1150481435,66-EU-938
910545275_414909_414910_27116,../Data/audio/car/voices/910545275_414909_414910_27116.ogg,910545275,38-XO-072
910545275_414917_414918_26851,../Data/audio/car/voices/910545275_414917_414918_26851.ogg,910545275,53-WX-099
910545275_414939_414940_26963,../Data/audio/car/voices/910545275_414939_414940_26963.ogg,910545275,57-FI-531
910545275_415095_415096_26929,../Data/audio/car/voices/910545275_415095_415096_26929.ogg,910545275,68-IW-655
910545275_415271_415272_26379,../Data/audio/car/voices/910545275_415271_415272_26379.ogg,910545275,08-SE-658
910545275_415401_415402_26833,../Data/audio/car/voices/910545275_415401_415402_26833.ogg,910545275,24-PR-621
910545275_415475_415476_26950,../Data/audio/car/voices/910545275_415475_415476_26950.ogg,910545275,46-NR-668
910545275_415547_415548_26339,../Data/audio/car/voices/910545275_415547_415548_26339.ogg,910545275,72-YF-159
910545275_415599_415600_26699,../Data/audio/car/voices/910545275_415599_415600_26699.ogg,910545275,16-XB-277
910545275_415641_415642_26981,../Data/audio/car/voices/910545275_415641_415642_26981.ogg,910545275,68-LG-783
910545275_415711_415712_26317,../Data/audio/car/voices/910545275_415711_415712_26317.ogg,910545275,03-CM-722
910545275_415827_415828_26608,../Data/audio/car/voices/910545275_415827_415828_26608.ogg,910545275,08-HR-035
1150481435_415883_415884_26165,../Data/audio/car/voices/1150481435_415883_415884_26165.ogg,1150481435,03-UZ-687
1150481435_415911_415912_26565,../Data/audio/car/voices/1150481435_415911_415912_26565.ogg,1150481435,39-TF-368
1150481435_415954_415955_26310,../Data/audio/car/voices/1150481435_415954_415955_26310.ogg,1150481435,62-QW-309
1150481435_415982_415983_26584,../Data/audio/car/voices/1150481435_415982_415983_26584.ogg,1150481435,09-OA-213
1150481435_416062_416063_26200,../Data/audio/car/voices/1150481435_416062_416063_26200.ogg,1150481435,17-MQ-242
1150481435_416102_416103_26941,../Data/audio/car/voices/1150481435_416102_416103_26941.ogg,1150481435,44-OS-339
1150481435_416104_416105_26655,../Data/audio/car/voices/1150481435_416104_416105_26655.ogg,1150481435,37-LJ-698
1150481435_416150_416151_27096,../Data/audio/car/voices/1150481435_416150_416151_27096.ogg,1150481435,63-WZ-512
1150481435_416264_416265_26868,../Data/audio/car/voices/1150481435_416264_416265_26868.ogg,1150481435,34-GC-498
1150481435_416268_416269_26675,../Data/audio/car/voices/1150481435_416268_416269_26675.ogg,1150481435,04-SP-853
1150481435_416456_416457_26518,../Data/audio/car/voices/1150481435_416456_416457_26518.ogg,1150481435,05-NW-931
1150481435_416514_416515_26957,../Data/audio/car/voices/1150481435_416514_416515_26957.ogg,1150481435,57-LV-537
1150481435_416612_416613_26542,../Data/audio/car/voices/1150481435_416612_416613_26542.ogg,1150481435,17-MK-348
1150481435_416616_416617_26985,../Data/audio/car/voices/1150481435_416616_416617_26985.ogg,1150481435,63-JP-832
1150481435_416799_416800_26657,../Data/audio/car/voices/1150481435_416799_416800_26657.ogg,1150481435,06-QG-681
575298922_416926_416927_26632,../Data/audio/car/voices/575298922_416926_416927_26632.ogg,575298922,27-IC-989
575298922_416938_416939_26706,../Data/audio/car/voices/575298922_416938_416939_26706.ogg,575298922,61-JW-891
640339050_417172_417173_26738,../Data/audio/car/voices/640339050_417172_417173_26738.ogg,640339050,59-BF-166
575298922_417212_417213_26496,../Data/audio/car/voices/575298922_417212_417213_26496.ogg,575298922,23-QN-769
575298922_417274_417275_27141,../Data/audio/car/voices/575298922_417274_417275_27141.ogg,575298922,56-AA-658
575298922_417404_417405_26819,../Data/audio/car/voices/575298922_417404_417405_26819.ogg,575298922,53-XM-008
860296669_417483_417484_26702,../Data/audio/car/voices/860296669_417483_417484_26702.ogg,860296669,90-OB-794
954206432_417583_417584_26299,../Data/audio/car/voices/954206432_417583_417584_26299.ogg,954206432,25-KV-159
954206432_417589_417590_26732,../Data/audio/car/voices/954206432_417589_417590_26732.ogg,954206432,11-EX-405
5440156582_417722_417723_26433,../Data/audio/car/voices/5440156582_417722_417723_26433.ogg,5440156582,10-MA-956
954206432_417766_417767_26890,../Data/audio/car/voices/954206432_417766_417767_26890.ogg,954206432,43-SR-341
860296669_417938_417942_26881,../Data/audio/car/voices/860296669_417938_417942_26881.ogg,860296669,26-YD-464
575298922_418270_418271_26809,../Data/audio/car/voices/575298922_418270_418271_26809.ogg,575298922,34-ZD-538
575298922_418314_418315_27052,../Data/audio/car/voices/575298922_418314_418315_27052.ogg,575298922,68-NO-441
575298922_418328_418329_26934,../Data/audio/car/voices/575298922_418328_418329_26934.ogg,575298922,51-WE-121
575298922_418338_418339_26207,../Data/audio/car/voices/575298922_418338_418339_26207.ogg,575298922,58-AX-507
575298922_418342_418343_26356,../Data/audio/car/voices/575298922_418342_418343_26356.ogg,575298922,21-SY-337
575298922_418368_418369_26313,../Data/audio/car/voices/575298922_418368_418369_26313.ogg,575298922,22-OO-349
575298922_418404_418405_26636,../Data/audio/car/voices/575298922_418404_418405_26636.ogg,575298922,09-FH-508
575298922_418513_418514_26866,../Data/audio/car/voices/575298922_418513_418514_26866.ogg,575298922,55-CU-049
575298922_418541_418542_26623,../Data/audio/car/voices/575298922_418541_418542_26623.ogg,575298922,39-VG-611
575298922_418573_418574_26383,../Data/audio/car/voices/575298922_418573_418574_26383.ogg,575298922,25-FR-777
5028632961_418661_418662_26958,../Data/audio/car/voices/5028632961_418661_418662_26958.ogg,5028632961,65-KW-051
5028632961_418769_418770_26938,../Data/audio/car/voices/5028632961_418769_418770_26938.ogg,5028632961,35-SV-683
5028632961_418819_418820_26359,../Data/audio/car/voices/5028632961_418819_418820_26359.ogg,5028632961,16-MK-596
5028632961_418831_418832_26360,../Data/audio/car/voices/5028632961_418831_418832_26360.ogg,5028632961,64-WK-306
5028632961_418835_418836_26978,../Data/audio/car/voices/5028632961_418835_418836_26978.ogg,5028632961,28-YT-663
5028632961_418991_418992_27029,../Data/audio/car/voices/5028632961_418991_418992_27029.ogg,5028632961,56-LD-861
5028632961_419143_419144_26940,../Data/audio/car/voices/5028632961_419143_419144_26940.ogg,5028632961,63-KN-519
5028632961_419205_419206_26337,../Data/audio/car/voices/5028632961_419205_419206_26337.ogg,5028632961,28-KO-824
5028632961_419263_419264_26404,../Data/audio/car/voices/5028632961_419263_419264_26404.ogg,5028632961,36-XA-356
5028632961_419325_419326_26951,../Data/audio/car/voices/5028632961_419325_419326_26951.ogg,5028632961,13-PP-216
5028632961_419347_419348_26823,../Data/audio/car/voices/5028632961_419347_419348_26823.ogg,5028632961,70-SY-373
5028632961_419361_419362_26434,../Data/audio/car/voices/5028632961_419361_419362_26434.ogg,5028632961,40-IU-772
5028632961_419643_419644_26177,../Data/audio/car/voices/5028632961_419643_419644_26177.ogg,5028632961,24-UM-787
5028632961_419824_419825_26447,../Data/audio/car/voices/5028632961_419824_419825_26447.ogg,5028632961,54-DT-739
705098248_419904_419907_27045,../Data/audio/car/voices/705098248_419904_419907_27045.ogg,705098248,07-CH-964
705098248_420000_420001_26412,../Data/audio/car/voices/705098248_420000_420001_26412.ogg,705098248,05-WJ-697
954206432_420227_420230_26438,../Data/audio/car/voices/954206432_420227_420230_26438.ogg,954206432,72-RK-972
5028632961_420515_420517_27065,../Data/audio/car/voices/5028632961_420515_420517_27065.ogg,5028632961,34-HH-196
954206432_420589_420600_26573,../Data/audio/car/voices/954206432_420589_420600_26573.ogg,954206432,25-NK-159
954206432_420646_420652_27118,../Data/audio/car/voices/954206432_420646_420652_27118.ogg,954206432,11-QV-682
705098248_420741_420742_26687,../Data/audio/car/voices/705098248_420741_420742_26687.ogg,705098248,40-FG-555
5028632961_420763_420770_26333,../Data/audio/car/voices/5028632961_420763_420770_26333.ogg,5028632961,59-RE-408
954206432_420865_420868_26239,../Data/audio/car/voices/954206432_420865_420868_26239.ogg,954206432,30-OA-643
954206432_420881_420886_26445,../Data/audio/car/voices/954206432_420881_420886_26445.ogg,954206432,47-SK-552
954206432_420931_420934_26647,../Data/audio/car/voices/954206432_420931_420934_26647.ogg,954206432,52-XQ-681
954206432_421093_421097_27119,../Data/audio/car/voices/954206432_421093_421097_27119.ogg,954206432,23-WZ-868
705098248_421166_421167_26794,../Data/audio/car/voices/705098248_421166_421167_26794.ogg,705098248,44-MK-839
5028632961_421197_421201_26857,../Data/audio/car/voices/5028632961_421197_421201_26857.ogg,5028632961,18-VV-335
5028632961_421504_421505_26618,../Data/audio/car/voices/5028632961_421504_421505_26618.ogg,5028632961,54-LU-247
5028632961_421522_421523_26756,../Data/audio/car/voices/5028632961_421522_421523_26756.ogg,5028632961,65-FP-614
5028632961_421560_421561_26800,../Data/audio/car/voices/5028632961_421560_421561_26800.ogg,5028632961,56-AZ-263
954206432_421594_421597_26956,../Data/audio/car/voices/954206432_421594_421597_26956.ogg,954206432,45-JF-325
426881765_421661_421664_26926,../Data/audio/car/voices/426881765_421661_421664_26926.ogg,426881765,14-GB-982
426881765_421781_421784_26436,../Data/audio/car/voices/426881765_421781_421784_26436.ogg,426881765,46-PG-471
426881765_421805_421810_26222,../Data/audio/car/voices/426881765_421805_421810_26222.ogg,426881765,03-PN-346
954206432_421813_421814_26788,../Data/audio/car/voices/954206432_421813_421814_26788.ogg,954206432,21-CE-494
954206432_421815_421818_26586,../Data/audio/car/voices/954206432_421815_421818_26586.ogg,954206432,71-UA-556
671891258_422024_422031_26561,../Data/audio/car/voices/671891258_422024_422031_26561.ogg,671891258,14-XY-753
671891258_422036_422037_26263,../Data/audio/car/voices/671891258_422036_422037_26263.ogg,671891258,07-KV-958
314849420_422256_422259_26888,../Data/audio/car/voices/314849420_422256_422259_26888.ogg,314849420,47-PQ-729
671891258_422427_422430_26762,../Data/audio/car/voices/671891258_422427_422430_26762.ogg,671891258,21-VW-988
426881765_422563_422564_26534,../Data/audio/car/voices/426881765_422563_422564_26534.ogg,426881765,08-NV-477
671891258_422602_422603_26666,../Data/audio/car/voices/671891258_422602_422603_26666.ogg,671891258,69-PM-648
671891258_422622_422623_26730,../Data/audio/car/voices/671891258_422622_422623_26730.ogg,671891258,41-SW-837
5196964268_422941_422942_26734,../Data/audio/car/voices/5196964268_422941_422942_26734.ogg,5196964268,61-FH-672
5196964268_423009_423010_26739,../Data/audio/car/voices/5196964268_423009_423010_26739.ogg,5196964268,42-QG-737
5196964268_423049_423050_26774,../Data/audio/car/voices/5196964268_423049_423050_26774.ogg,5196964268,60-EK-716
5196964268_423069_423070_26158,../Data/audio/car/voices/5196964268_423069_423070_26158.ogg,5196964268,06-UQ-066
5196964268_423099_423100_26193,../Data/audio/car/voices/5196964268_423099_423100_26193.ogg,5196964268,13-GS-359
5196964268_423161_423162_26783,../Data/audio/car/voices/5196964268_423161_423162_26783.ogg,5196964268,38-EB-532
5196964268_423172_423173_27143,../Data/audio/car/voices/5196964268_423172_423173_27143.ogg,5196964268,07-NA-643
5196964268_423232_423233_26231,../Data/audio/car/voices/5196964268_423232_423233_26231.ogg,5196964268,27-SF-661
314849420_423414_423415_26889,../Data/audio/car/voices/314849420_423414_423415_26889.ogg,314849420,32-SQ-422
5196964268_423580_423581_26440,../Data/audio/car/voices/5196964268_423580_423581_26440.ogg,5196964268,72-OY-797
892642911_423877_423878_26314,../Data/audio/car/voices/892642911_423877_423878_26314.ogg,892642911,62-QP-781
892642911_423923_423925_27033,../Data/audio/car/voices/892642911_423923_423925_27033.ogg,892642911,72-YH-908
575298922_423961_423962_26422,../Data/audio/car/voices/575298922_423961_423962_26422.ogg,575298922,44-DV-923
892642911_424045_424046_27135,../Data/audio/car/voices/892642911_424045_424046_27135.ogg,892642911,06-SE-008
892642911_424083_424084_26418,../Data/audio/car/voices/892642911_424083_424084_26418.ogg,892642911,46-BJ-813
892642911_424107_424108_26671,../Data/audio/car/voices/892642911_424107_424108_26671.ogg,892642911,49-NN-096
892642911_424217_424218_26473,../Data/audio/car/voices/892642911_424217_424218_26473.ogg,892642911,39-IH-122
892642911_424239_424240_27039,../Data/audio/car/voices/892642911_424239_424240_27039.ogg,892642911,29-EF-457
954206432_424255_424256_26903,../Data/audio/car/voices/954206432_424255_424256_26903.ogg,954206432,39-MK-251
954206432_424375_424376_26937,../Data/audio/car/voices/954206432_424375_424376_26937.ogg,954206432,33-AO-266
954206432_424383_424384_26290,../Data/audio/car/voices/954206432_424383_424384_26290.ogg,954206432,33-ZE-955
954206432_424395_424396_26663,../Data/audio/car/voices/954206432_424395_424396_26663.ogg,954206432,21-MZ-137
954206432_424411_424412_27090,../Data/audio/car/voices/954206432_424411_424412_27090.ogg,954206432,49-OP-312
954206432_424444_424445_26838,../Data/audio/car/voices/954206432_424444_424445_26838.ogg,954206432,69-BZ-995
5196964268_424564_424565_26933,../Data/audio/car/voices/5196964268_424564_424565_26933.ogg,5196964268,52-LL-167
5196964268_424582_424583_26874,../Data/audio/car/voices/5196964268_424582_424583_26874.ogg,5196964268,09-EP-428
5196964268_424684_424685_26645,../Data/audio/car/voices/5196964268_424684_424685_26645.ogg,5196964268,90-SG-913
5196964268_424690_424691_26885,../Data/audio/car/voices/5196964268_424690_424691_26885.ogg,5196964268,62-TO-904
5440156582_424714_424715_26954,../Data/audio/car/voices/5440156582_424714_424715_26954.ogg,5440156582,09-SN-349
5440156582_424896_424897_26665,../Data/audio/car/voices/5440156582_424896_424897_26665.ogg,5440156582,72-EE-107
5440156582_425000_425001_26256,../Data/audio/car/voices/5440156582_425000_425001_26256.ogg,5440156582,46-XV-559
1268975918_425176_425177_26818,../Data/audio/car/voices/1268975918_425176_425177_26818.ogg,1268975918,31-HH-799
1268975918_425220_425221_26532,../Data/audio/car/voices/1268975918_425220_425221_26532.ogg,1268975918,69-PT-143
1268975918_425342_425343_26507,../Data/audio/car/voices/1268975918_425342_425343_26507.ogg,1268975918,61-EY-445
1268975918_425481_425482_26602,../Data/audio/car/voices/1268975918_425481_425482_26602.ogg,1268975918,71-IU-068
1268975918_425570_425571_26678,../Data/audio/car/voices/1268975918_425570_425571_26678.ogg,1268975918,26-UH-343
1268975918_425811_425812_26942,../Data/audio/car/voices/1268975918_425811_425812_26942.ogg,1268975918,20-IQ-464
1268975918_426210_426211_26304,../Data/audio/car/voices/1268975918_426210_426211_26304.ogg,1268975918,52-BR-361
1268975918_426214_426215_27042,../Data/audio/car/voices/1268975918_426214_426215_27042.ogg,1268975918,44-NA-234
1268975918_426222_426223_27046,../Data/audio/car/voices/1268975918_426222_426223_27046.ogg,1268975918,53-AR-617
1268975918_426400_426401_26155,../Data/audio/car/voices/1268975918_426400_426401_26155.ogg,1268975918,04-RR-598
1268975918_426452_426453_26625,../Data/audio/car/voices/1268975918_426452_426453_26625.ogg,1268975918,58-QG-873
1268975918_426472_426473_26876,../Data/audio/car/voices/1268975918_426472_426473_26876.ogg,1268975918,09-PC-161
1268975918_426629_426630_26707,../Data/audio/car/voices/1268975918_426629_426630_26707.ogg,1268975918,23-ZE-592
1268975918_426677_426678_26284,../Data/audio/car/voices/1268975918_426677_426678_26284.ogg,1268975918,47-VM-312
1268975918_426757_426758_26529,../Data/audio/car/voices/1268975918_426757_426758_26529.ogg,1268975918,48-VZ-725
919361428_426981_426982_26705,../Data/audio/car/voices/919361428_426981_426982_26705.ogg,919361428,41-LS-866
919361428_427027_427028_26562,../Data/audio/car/voices/919361428_427027_427028_26562.ogg,919361428,31-BN-525
919361428_427121_427122_26345,../Data/audio/car/voices/919361428_427121_427122_26345.ogg,919361428,69-CB-503
919361428_427233_427234_26338,../Data/audio/car/voices/919361428_427233_427234_26338.ogg,919361428,49-DR-748
919361428_427295_427296_26552,../Data/audio/car/voices/919361428_427295_427296_26552.ogg,919361428,53-OR-839
919361428_427301_427302_26536,../Data/audio/car/voices/919361428_427301_427302_26536.ogg,919361428,48-GU-113
919361428_427331_427332_26325,../Data/audio/car/voices/919361428_427331_427332_26325.ogg,919361428,33-WH-945
919361428_427375_427376_26880,../Data/audio/car/voices/919361428_427375_427376_26880.ogg,919361428,66-EJ-593
919361428_427497_427498_26426,../Data/audio/car/voices/919361428_427497_427498_26426.ogg,919361428,15-NR-799
919361428_427643_427644_26965,../Data/audio/car/voices/919361428_427643_427644_26965.ogg,919361428,70-DZ-249
919361428_427911_427912_26574,../Data/audio/car/voices/919361428_427911_427912_26574.ogg,919361428,58-IN-081
1878274529_428033_428034_26544,../Data/audio/car/voices/1878274529_428033_428034_26544.ogg,1878274529,47-SJ-672
1878274529_428053_428054_26330,../Data/audio/car/voices/1878274529_428053_428054_26330.ogg,1878274529,26-KU-431
671891258_428129_428130_26558,../Data/audio/car/voices/671891258_428129_428130_26558.ogg,671891258,57-OR-522
860296669_428215_428216_26591,../Data/audio/car/voices/860296669_428215_428216_26591.ogg,860296669,50-OE-426
1043664892_428683_428684_26401,../Data/audio/car/voices/1043664892_428683_428684_26401.ogg,1043664892,22-WN-479
1043664892_428879_428880_26704,../Data/audio/car/voices/1043664892_428879_428880_26704.ogg,1043664892,54-QZ-431
1043664892_429095_429096_26628,../Data/audio/car/voices/1043664892_429095_429096_26628.ogg,1043664892,42-MZ-597
1043664892_429422_429423_26605,../Data/audio/car/voices/1043664892_429422_429423_26605.ogg,1043664892,51-PN-116
1043664892_429468_429471_26670,../Data/audio/car/voices/1043664892_429468_429471_26670.ogg,1043664892,85-IR-108
1043664892_429566_429567_26613,../Data/audio/car/voices/1043664892_429566_429567_26613.ogg,1043664892,26-YY-418
919361428_429583_429585_26930,../Data/audio/car/voices/919361428_429583_429585_26930.ogg,919361428,38-QP-222
919361428_429702_429704_26844,../Data/audio/car/voices/919361428_429702_429704_26844.ogg,919361428,77-LP-142
919361428_429722_429725_26235,../Data/audio/car/voices/919361428_429722_429725_26235.ogg,919361428,23-XP-498
1043664892_429748_429749_26682,../Data/audio/car/voices/1043664892_429748_429749_26682.ogg,1043664892,08-EV-042
919361428_429862_429865_26389,../Data/audio/car/voices/919361428_429862_429865_26389.ogg,919361428,37-OG-154
1043664892_429892_429894_26724,../Data/audio/car/voices/1043664892_429892_429894_26724.ogg,1043664892,10-EE-791
1043664892_430202_430203_27007,../Data/audio/car/voices/1043664892_430202_430203_27007.ogg,1043664892,90-WU-781
1043664892_430373_430374_26414,../Data/audio/car/voices/1043664892_430373_430374_26414.ogg,1043664892,25-PV-658
1043664892_430395_430396_26361,../Data/audio/car/voices/1043664892_430395_430396_26361.ogg,1043664892,34-TY-378
860296669_430415_430419_26270,../Data/audio/car/voices/860296669_430415_430419_26270.ogg,860296669,54-TY-281
860296669_430449_430458_26163,../Data/audio/car/voices/860296669_430449_430458_26163.ogg,860296669,26-BI-375
1043664892_430465_430468_26759,../Data/audio/car/voices/1043664892_430465_430468_26759.ogg,1043664892,03-BR-011
1043664892_430509_430510_27028,../Data/audio/car/voices/1043664892_430509_430510_27028.ogg,1043664892,69-FF-396
860296669_430552_430553_27113,../Data/audio/car/voices/860296669_430552_430553_27113.ogg,860296669,13-FB-923
860296669_430574_430579_26607,../Data/audio/car/voices/860296669_430574_430579_26607.ogg,860296669,33-HA-109
860296669_430614_430625_26630,../Data/audio/car/voices/860296669_430614_430625_26630.ogg,860296669,34-NN-762
1043664892_430696_430697_26336,../Data/audio/car/voices/1043664892_430696_430697_26336.ogg,1043664892,69-AZ-482
860296669_430768_430769_26351,../Data/audio/car/voices/860296669_430768_430769_26351.ogg,860296669,12-KP-946
860296669_430782_430783_26894,../Data/audio/car/voices/860296669_430782_430783_26894.ogg,860296669,67-FI-451
860296669_430790_430791_26209,../Data/audio/car/voices/860296669_430790_430791_26209.ogg,860296669,20-FM-719
860296669_431045_431046_27101,../Data/audio/car/voices/860296669_431045_431046_27101.ogg,860296669,32-PZ-709
763941567_431210_431213_26925,../Data/audio/car/voices/763941567_431210_431213_26925.ogg,763941567,09-DO-412
763941567_431327_431330_27011,../Data/audio/car/voices/763941567_431327_431330_27011.ogg,763941567,10-KB-666
763941567_431449_431452_26792,../Data/audio/car/voices/763941567_431449_431452_26792.ogg,763941567,62-CC-388
1269496718_431527_431530_27145,../Data/audio/car/voices/1269496718_431527_431530_27145.ogg,1269496718,38-ND-608
1269496718_431617_431618_26528,../Data/audio/car/voices/1269496718_431617_431618_26528.ogg,1269496718,14-ND-317
1269496718_431645_431646_26398,../Data/audio/car/voices/1269496718_431645_431646_26398.ogg,1269496718,58-SM-844
1269496718_431931_431932_26166,../Data/audio/car/voices/1269496718_431931_431932_26166.ogg,1269496718,63-GU-471
1269496718_431966_431967_26920,../Data/audio/car/voices/1269496718_431966_431967_26920.ogg,1269496718,24-LG-475
1269496718_432075_432076_26504,../Data/audio/car/voices/1269496718_432075_432076_26504.ogg,1269496718,62-BL-938
1269496718_432155_432156_26782,../Data/audio/car/voices/1269496718_432155_432156_26782.ogg,1269496718,10-PA-135
919361428_432460_432462_26578,../Data/audio/car/voices/919361428_432460_432462_26578.ogg,919361428,42-ZI-741
919361428_432483_432484_26377,../Data/audio/car/voices/919361428_432483_432484_26377.ogg,919361428,41-NT-827
1269496718_432529_432536_26895,../Data/audio/car/voices/1269496718_432529_432536_26895.ogg,1269496718,35-MA-213
919361428_432542_432544_26179,../Data/audio/car/voices/919361428_432542_432544_26179.ogg,919361428,29-QU-333
1051072005_432601_432602_27151,../Data/audio/car/voices/1051072005_432601_432602_27151.ogg,1051072005,47-XK-885
954206432_432677_432682_26642,../Data/audio/car/voices/954206432_432677_432682_26642.ogg,954206432,14-ZB-233
954206432_432806_432810_27053,../Data/audio/car/voices/954206432_432806_432810_27053.ogg,954206432,28-ID-499
1051072005_433011_433012_26160,../Data/audio/car/voices/1051072005_433011_433012_26160.ogg,1051072005,68-TY-952
1269496718_433135_433136_27020,../Data/audio/car/voices/1269496718_433135_433136_27020.ogg,1269496718,53-QD-952
1269496718_433298_433301_26669,../Data/audio/car/voices/1269496718_433298_433301_26669.ogg,1269496718,31-WP-289
1269496718_433312_433317_26493,../Data/audio/car/voices/1269496718_433312_433317_26493.ogg,1269496718,25-PC-437
1269496718_433325_433328_26429,../Data/audio/car/voices/1269496718_433325_433328_26429.ogg,1269496718,34-UR-657
1269496718_433427_433431_26893,../Data/audio/car/voices/1269496718_433427_433431_26893.ogg,1269496718,46-PU-542
912272968_433499_433508_26435,../Data/audio/car/voices/912272968_433499_433508_26435.ogg,912272968,60-MR-726
1269496718_433569_433572_26477,../Data/audio/car/voices/1269496718_433569_433572_26477.ogg,1269496718,18-ZI-532
912272968_433584_433588_26970,../Data/audio/car/voices/912272968_433584_433588_26970.ogg,912272968,77-DL-041
1269496718_433591_433596_27054,../Data/audio/car/voices/1269496718_433591_433596_27054.ogg,1269496718,10-XU-175
1269496718_433634_433636_26624,../Data/audio/car/voices/1269496718_433634_433636_26624.ogg,1269496718,33-LC-873
1051072005_433677_433681_26832,../Data/audio/car/voices/1051072005_433677_433681_26832.ogg,1051072005,03-RZ-961
1051072005_433699_433701_26190,../Data/audio/car/voices/1051072005_433699_433701_26190.ogg,1051072005,47-FA-626
1051072005_433809_433816_26771,../Data/audio/car/voices/1051072005_433809_433816_26771.ogg,1051072005,10-SG-902
912272968_433815_433821_26471,../Data/audio/car/voices/912272968_433815_433821_26471.ogg,912272968,39-RV-793
1051072005_433862_433867_27035,../Data/audio/car/voices/1051072005_433862_433867_27035.ogg,1051072005,03-JI-072
1269496718_433860_433875_26668,../Data/audio/car/voices/1269496718_433860_433875_26668.ogg,1269496718,67-CW-713
912272968_433911_433916_26407,../Data/audio/car/voices/912272968_433911_433916_26407.ogg,912272968,11-ZT-997
912272968_433993_433994_26516,../Data/audio/car/voices/912272968_433993_433994_26516.ogg,912272968,09-XI-882
1051072005_434056_434059_26855,../Data/audio/car/voices/1051072005_434056_434059_26855.ogg,1051072005,90-VT-321
1051072005_434427_434428_26545,../Data/audio/car/voices/1051072005_434427_434428_26545.ogg,1051072005,33-XC-303
912272968_434557_434562_27083,../Data/audio/car/voices/912272968_434557_434562_27083.ogg,912272968,49-YN-385
1051072005_434591_434594_26803,../Data/audio/car/voices/1051072005_434591_434594_26803.ogg,1051072005,66-EG-554
912272968_434604_434608_26357,../Data/audio/car/voices/912272968_434604_434608_26357.ogg,912272968,48-ZS-354
1051072005_434681_434682_26519,../Data/audio/car/voices/1051072005_434681_434682_26519.ogg,1051072005,55-RB-994
568204248_434859_434860_26720,../Data/audio/car/voices/568204248_434859_434860_26720.ogg,568204248,53-SD-806
568204248_434933_434934_26612,../Data/audio/car/voices/568204248_434933_434934_26612.ogg,568204248,40-NH-342
912272968_435001_435006_26845,../Data/audio/car/voices/912272968_435001_435006_26845.ogg,912272968,61-PE-287
912272968_435023_435030_26980,../Data/audio/car/voices/912272968_435023_435030_26980.ogg,912272968,28-DV-403
568204248_435095_435100_26646,../Data/audio/car/voices/568204248_435095_435100_26646.ogg,568204248,54-FC-737
912272968_435164_435170_26456,../Data/audio/car/voices/912272968_435164_435170_26456.ogg,912272968,53-NQ-668
912272968_435175_435183_26316,../Data/audio/car/voices/912272968_435175_435183_26316.ogg,912272968,71-IM-676
568204248_435236_435245_26297,../Data/audio/car/voices/568204248_435236_435245_26297.ogg,568204248,37-GG-255
1269496718_435362_435364_26502,../Data/audio/car/voices/1269496718_435362_435364_26502.ogg,1269496718,16-YZ-139
1269496718_435572_435581_26350,../Data/audio/car/voices/1269496718_435572_435581_26350.ogg,1269496718,33-TO-816
1269496718_435599_435606_27139,../Data/audio/car/voices/1269496718_435599_435606_27139.ogg,1269496718,14-TH-783
568204248_435823_435830_26554,../Data/audio/car/voices/568204248_435823_435830_26554.ogg,568204248,51-ZE-052
619589413_435945_435952_27022,../Data/audio/car/voices/619589413_435945_435952_27022.ogg,619589413,24-FI-558
341881303_436023_436034_27087,../Data/audio/car/voices/341881303_436023_436034_27087.ogg,341881303,28-VE-579
860296669_436078_436091_26467,../Data/audio/car/voices/860296669_436078_436091_26467.ogg,860296669,43-ZJ-709
341881303_436084_436094_27005,../Data/audio/car/voices/341881303_436084_436094_27005.ogg,341881303,41-UL-573
619589413_436295_436301_26560,../Data/audio/car/voices/619589413_436295_436301_26560.ogg,619589413,29-NZ-649
341881303_436406_436415_26492,../Data/audio/car/voices/341881303_436406_436415_26492.ogg,341881303,48-QA-899
568204248_436486_436493_26249,../Data/audio/car/voices/568204248_436486_436493_26249.ogg,568204248,45-KV-232
1269496718_436598_436603_26964,../Data/audio/car/voices/1269496718_436598_436603_26964.ogg,1269496718,70-LB-512
860296669_436602_436616_27055,../Data/audio/car/voices/860296669_436602_436616_27055.ogg,860296669,67-YO-287
568204248_436913_436925_26761,../Data/audio/car/voices/568204248_436913_436925_26761.ogg,568204248,56-XF-212
568204248_436987_436993_26335,../Data/audio/car/voices/568204248_436987_436993_26335.ogg,568204248,48-NQ-394
568204248_437209_437217_26754,../Data/audio/car/voices/568204248_437209_437217_26754.ogg,568204248,19-SU-595
341881303_437506_437510_26531,../Data/audio/car/voices/341881303_437506_437510_26531.ogg,341881303,70-HX-061
341881303_437612_437619_26968,../Data/audio/car/voices/341881303_437612_437619_26968.ogg,341881303,69-MN-441
341881303_438556_438557_26649,../Data/audio/car/voices/341881303_438556_438557_26649.ogg,341881303,85-VM-088
619589413_438641_438643_26879,../Data/audio/car/voices/619589413_438641_438643_26879.ogg,619589413,02-MC-386
568204248_438752_438755_26417,../Data/audio/car/voices/568204248_438752_438755_26417.ogg,568204248,52-DE-794
568204248_438802_438804_26709,../Data/audio/car/voices/568204248_438802_438804_26709.ogg,568204248,51-BV-415
568204248_438881_438887_26559,../Data/audio/car/voices/568204248_438881_438887_26559.ogg,568204248,39-RW-817
568204248_439022_439026_26227,../Data/audio/car/voices/568204248_439022_439026_26227.ogg,568204248,35-SK-813
568204248_439046_439049_26406,../Data/audio/car/voices/568204248_439046_439049_26406.ogg,568204248,15-RE-508
619589413_439351_439355_26571,../Data/audio/car/voices/619589413_439351_439355_26571.ogg,619589413,44-SC-293
619589413_439420_439425_26452,../Data/audio/car/voices/619589413_439420_439425_26452.ogg,619589413,55-XA-931
568204248_439543_439544_26815,../Data/audio/car/voices/568204248_439543_439544_26815.ogg,568204248,51-YK-502
568204248_439555_439557_26161,../Data/audio/car/voices/568204248_439555_439557_26161.ogg,568204248,15-QY-053
568204248_440284_440288_27149,../Data/audio/car/voices/568204248_440284_440288_27149.ogg,568204248,51-LI-189
341881303_440308_440314_26204,../Data/audio/car/voices/341881303_440308_440314_26204.ogg,341881303,90-PR-603
568204248_440627_440633_26272,../Data/audio/car/voices/568204248_440627_440633_26272.ogg,568204248,16-SD-242
619589413_440833_440834_26892,../Data/audio/car/voices/619589413_440833_440834_26892.ogg,619589413,77-BE-119
619589413_440870_440871_26494,../Data/audio/car/voices/619589413_440870_440871_26494.ogg,619589413,64-WU-233
619589413_441018_441021_26457,../Data/audio/car/voices/619589413_441018_441021_26457.ogg,619589413,02-JS-442
341881303_441431_441436_26194,../Data/audio/car/voices/341881303_441431_441436_26194.ogg,341881303,51-HZ-946
619589413_441465_441468_26262,../Data/audio/car/voices/619589413_441465_441468_26262.ogg,619589413,28-DB-441
619589413_441519_441522_26432,../Data/audio/car/voices/619589413_441519_441522_26432.ogg,619589413,77-YR-477
1269496718_441547_441550_26397,../Data/audio/car/voices/1269496718_441547_441550_26397.ogg,1269496718,02-VU-281
619589413_441627_441628_26719,../Data/audio/car/voices/619589413_441627_441628_26719.ogg,619589413,22-WJ-139
341881303_441756_441759_27025,../Data/audio/car/voices/341881303_441756_441759_27025.ogg,341881303,54-WL-796
1269496718_441784_441789_26241,../Data/audio/car/voices/1269496718_441784_441789_26241.ogg,1269496718,37-KY-754
1269496718_441790_441793_26437,../Data/audio/car/voices/1269496718_441790_441793_26437.ogg,1269496718,44-OG-638
619589413_441920_441933_27084,../Data/audio/car/voices/619589413_441920_441933_27084.ogg,619589413,26-KY-971
341881303_442347_442349_27123,../Data/audio/car/voices/341881303_442347_442349_27123.ogg,341881303,20-KN-331
1269496718_442427_442430_26735,../Data/audio/car/voices/1269496718_442427_442430_26735.ogg,1269496718,61-CI-222
341881303_442452_442455_26199,../Data/audio/car/voices/341881303_442452_442455_26199.ogg,341881303,27-CR-477
1013880018_442608_442609_27066,../Data/audio/car/voices/1013880018_442608_442609_27066.ogg,1013880018,39-ZS-349
1013880018_442637_442640_26569,../Data/audio/car/voices/1013880018_442637_442640_26569.ogg,1013880018,12-TF-405
1347919237_442639_442644_26840,../Data/audio/car/voices/1347919237_442639_442644_26840.ogg,1347919237,42-XE-511
1201653758_442976_442977_26415,../Data/audio/car/voices/1201653758_442976_442977_26415.ogg,1201653758,61-JC-182
1201653758_443030_443031_26621,../Data/audio/car/voices/1201653758_443030_443031_26621.ogg,1201653758,46-HI-907
1201653758_443038_443039_27064,../Data/audio/car/voices/1201653758_443038_443039_27064.ogg,1201653758,13-FR-595
575298922_443144_443147_26468,../Data/audio/car/voices/575298922_443144_443147_26468.ogg,575298922,16-VU-993
5196964268_443164_443167_26638,../Data/audio/car/voices/5196964268_443164_443167_26638.ogg,5196964268,17-BS-609
5196964268_443322_443323_26214,../Data/audio/car/voices/5196964268_443322_443323_26214.ogg,5196964268,36-DT-005
5196964268_443404_443405_26386,../Data/audio/car/voices/5196964268_443404_443405_26386.ogg,5196964268,55-HO-326
575298922_443564_443565_26770,../Data/audio/car/voices/575298922_443564_443565_26770.ogg,575298922,38-NI-123
575298922_443572_443573_27078,../Data/audio/car/voices/575298922_443572_443573_27078.ogg,575298922,34-GP-705
575298922_443592_443593_26348,../Data/audio/car/voices/575298922_443592_443593_26348.ogg,575298922,53-NB-623
2016758610_443784_443785_26174,../Data/audio/car/voices/2016758610_443784_443785_26174.ogg,2016758610,54-EO-139
1051072005_443794_443797_26385,../Data/audio/car/voices/1051072005_443794_443797_26385.ogg,1051072005,42-SD-693
2016758610_443829_443832_26309,../Data/audio/car/voices/2016758610_443829_443832_26309.ogg,2016758610,11-TZ-577
2016758610_443890_443893_26856,../Data/audio/car/voices/2016758610_443890_443893_26856.ogg,2016758610,70-MN-242
1051072005_443940_443943_26563,../Data/audio/car/voices/1051072005_443940_443943_26563.ogg,1051072005,59-VV-119
1051072005_444093_444094_26711,../Data/audio/car/voices/1051072005_444093_444094_26711.ogg,1051072005,56-DM-374
1051072005_444202_444203_26323,../Data/audio/car/voices/1051072005_444202_444203_26323.ogg,1051072005,45-HE-672
1051072005_444404_444405_26886,../Data/audio/car/voices/1051072005_444404_444405_26886.ogg,1051072005,58-MM-101
1043664892_444843_444844_27128,../Data/audio/car/voices/1043664892_444843_444844_27128.ogg,1043664892,10-DG-489
1043664892_444861_444862_27122,../Data/audio/car/voices/1043664892_444861_444862_27122.ogg,1043664892,06-KI-551
1128232293_445082_445083_26353,../Data/audio/car/voices/1128232293_445082_445083_26353.ogg,1128232293,13-CH-968
5196964268_445264_445267_26185,../Data/audio/car/voices/5196964268_445264_445267_26185.ogg,5196964268,66-ZQ-859
5196964268_445306_445308_26515,../Data/audio/car/voices/5196964268_445306_445308_26515.ogg,5196964268,19-DW-835
5196964268_445314_445315_27050,../Data/audio/car/voices/5196964268_445314_445315_27050.ogg,5196964268,57-PG-616
575298922_445326_445327_26248,../Data/audio/car/voices/575298922_445326_445327_26248.ogg,575298922,07-QM-828
1043664892_445547_445552_26225,../Data/audio/car/voices/1043664892_445547_445552_26225.ogg,1043664892,28-TI-784
1128232293_445634_445642_27024,../Data/audio/car/voices/1128232293_445634_445642_27024.ogg,1128232293,31-ZJ-577
1013880018_445650_445664_27044,../Data/audio/car/voices/1013880018_445650_445664_27044.ogg,1013880018,27-QE-953
1878274529_445763_445775_26848,../Data/audio/car/voices/1878274529_445763_445775_26848.ogg,1878274529,10-JD-994
1878274529_445820_445823_26380,../Data/audio/car/voices/1878274529_445820_445823_26380.ogg,1878274529,21-AG-774
1878274529_445842_445844_27038,../Data/audio/car/voices/1878274529_445842_445844_27038.ogg,1878274529,36-EP-776
976055738_445840_445848_26883,../Data/audio/car/voices/976055738_445840_445848_26883.ogg,976055738,41-IX-686
575298922_445861_445867_26677,../Data/audio/car/voices/575298922_445861_445867_26677.ogg,575298922,65-LF-197
1013880018_445910_445921_26715,../Data/audio/car/voices/1013880018_445910_445921_26715.ogg,1013880018,13-HS-746
1043664892_445953_445959_27125,../Data/audio/car/voices/1043664892_445953_445959_27125.ogg,1043664892,11-YL-652
575298922_446047_446058_26289,../Data/audio/car/voices/575298922_446047_446058_26289.ogg,575298922,28-HQ-933
1878274529_446049_446060_27126,../Data/audio/car/voices/1878274529_446049_446060_27126.ogg,1878274529,69-XA-764
1013880018_446311_446322_26588,../Data/audio/car/voices/1013880018_446311_446322_26588.ogg,1013880018,51-DO-836
1043664892_446325_446326_26453,../Data/audio/car/voices/1043664892_446325_446326_26453.ogg,1043664892,66-VE-108
1013880018_446334_446344_26384,../Data/audio/car/voices/1013880018_446334_446344_26384.ogg,1013880018,60-VT-465
1013880018_446495_446505_27079,../Data/audio/car/voices/1013880018_446495_446505_27079.ogg,1013880018,77-GQ-263
1043664892_446847_446855_26740,../Data/audio/car/voices/1043664892_446847_446855_26740.ogg,1043664892,71-MU-222
619589413_446868_446875_26648,../Data/audio/car/voices/619589413_446868_446875_26648.ogg,619589413,24-MI-136
1013880018_446950_446959_27097,../Data/audio/car/voices/1013880018_446950_446959_27097.ogg,1013880018,33-QQ-111
1013880018_447119_447128_26215,../Data/audio/car/voices/1013880018_447119_447128_26215.ogg,1013880018,39-UF-318
619589413_447287_447292_27027,../Data/audio/car/voices/619589413_447287_447292_27027.ogg,619589413,71-MD-135
1013880018_447506_447519_26370,../Data/audio/car/voices/1013880018_447506_447519_26370.ogg,1013880018,22-CG-659
1128232293_447686_447697_26917,../Data/audio/car/voices/1128232293_447686_447697_26917.ogg,1128232293,30-ZK-069
619589413_447711_447714_27102,../Data/audio/car/voices/619589413_447711_447714_27102.ogg,619589413,09-GF-297
1082554792_447790_447795_27043,../Data/audio/car/voices/1082554792_447790_447795_27043.ogg,1082554792,37-UT-659
1082554792_447853_447855_26875,../Data/audio/car/voices/1082554792_447853_447855_26875.ogg,1082554792,40-GB-309
976055738_447914_447931_26752,../Data/audio/car/voices/976055738_447914_447931_26752.ogg,976055738,01-VG-369
1082554792_448028_448041_26176,../Data/audio/car/voices/1082554792_448028_448041_26176.ogg,1082554792,69-JD-642
1082554792_448152_448160_26935,../Data/audio/car/voices/1082554792_448152_448160_26935.ogg,1082554792,21-PF-549
1128232293_448145_448164_26820,../Data/audio/car/voices/1128232293_448145_448164_26820.ogg,1128232293,07-NI-448
1082554792_448269_448275_26265,../Data/audio/car/voices/1082554792_448269_448275_26265.ogg,1082554792,52-KD-433
1878274529_448230_448426_26807,../Data/audio/car/voices/1878274529_448230_448426_26807.ogg,1878274529,56-GJ-828
1082554792_448541_448553_26727,../Data/audio/car/voices/1082554792_448541_448553_26727.ogg,1082554792,34-ZL-289
5591209497_448632_448637_26728,../Data/audio/car/voices/5591209497_448632_448637_26728.ogg,5591209497,59-FG-637
5591209497_448721_448730_27138,../Data/audio/car/voices/5591209497_448721_448730_27138.ogg,5591209497,44-MY-676
1082554792_449098_449104_26365,../Data/audio/car/voices/1082554792_449098_449104_26365.ogg,1082554792,37-WJ-935
1128232293_449088_449105_26598,../Data/audio/car/voices/1128232293_449088_449105_26598.ogg,1128232293,07-GJ-443
1878274529_449174_449182_26390,../Data/audio/car/voices/1878274529_449174_449182_26390.ogg,1878274529,08-QB-067
1128232293_449212_449229_26329,../Data/audio/car/voices/1128232293_449212_449229_26329.ogg,1128232293,28-HK-121
5591209497_449250_449261_27104,../Data/audio/car/voices/5591209497_449250_449261_27104.ogg,5591209497,60-YT-408
619589413_449478_449489_26826,../Data/audio/car/voices/619589413_449478_449489_26826.ogg,619589413,51-XU-631
828296631_449491_449497_27133,../Data/audio/car/voices/828296631_449491_449497_27133.ogg,828296631,66-SF-348
1878274529_449608_449619_26871,../Data/audio/car/voices/1878274529_449608_449619_26871.ogg,1878274529,34-EN-121
5591209497_449756_449763_26416,../Data/audio/car/voices/5591209497_449756_449763_26416.ogg,5591209497,10-GF-466
976055738_450022_450027_26535,../Data/audio/car/voices/976055738_450022_450027_26535.ogg,976055738,64-QO-923
976055738_450064_450069_26444,../Data/audio/car/voices/976055738_450064_450069_26444.ogg,976055738,18-NJ-731
314849420_450176_450183_26172,../Data/audio/car/voices/314849420_450176_450183_26172.ogg,314849420,06-AL-637
976055738_450209_450225_27003,../Data/audio/car/voices/976055738_450209_450225_27003.ogg,976055738,58-XX-511
1878274529_450260_450267_26827,../Data/audio/car/voices/1878274529_450260_450267_26827.ogg,1878274529,85-GI-687
1878274529_450357_450361_26790,../Data/audio/car/voices/1878274529_450357_450361_26790.ogg,1878274529,85-BY-586
1878274529_450365_450369_26475,../Data/audio/car/voices/1878274529_450365_450369_26475.ogg,1878274529,39-VZ-018
314849420_450422_450431_26778,../Data/audio/car/voices/314849420_450422_450431_26778.ogg,314849420,12-VT-957
1878274529_450480_450483_26505,../Data/audio/car/voices/1878274529_450480_450483_26505.ogg,1878274529,17-HA-398
5591209497_450605_450616_26294,../Data/audio/car/voices/5591209497_450605_450616_26294.ogg,5591209497,01-JI-183
1082554792_450805_450810_27075,../Data/audio/car/voices/1082554792_450805_450810_27075.ogg,1082554792,40-GI-031
5591209497_450895_450896_26306,../Data/audio/car/voices/5591209497_450895_450896_26306.ogg,5591209497,14-CE-512
1082554792_451130_451135_26944,../Data/audio/car/voices/1082554792_451130_451135_26944.ogg,1082554792,34-YK-386
619589413_451316_451319_26286,../Data/audio/car/voices/619589413_451316_451319_26286.ogg,619589413,27-HX-869
1128232293_451380_451397_26219,../Data/audio/car/voices/1128232293_451380_451397_26219.ogg,1128232293,11-NY-813
763941567_451560_451568_27026,../Data/audio/car/voices/763941567_451560_451568_27026.ogg,763941567,59-FA-742
619589413_451567_451572_26315,../Data/audio/car/voices/619589413_451567_451572_26315.ogg,619589413,39-BE-876
763941567_451618_451621_26777,../Data/audio/car/voices/763941567_451618_451621_26777.ogg,763941567,22-WX-646
763941567_451626_451627_27150,../Data/audio/car/voices/763941567_451626_451627_27150.ogg,763941567,34-QO-147
5591209497_451640_451643_27057,../Data/audio/car/voices/5591209497_451640_451643_27057.ogg,5591209497,24-NM-312
1013880018_451714_451721_26780,../Data/audio/car/voices/1013880018_451714_451721_26780.ogg,1013880018,63-WW-921
815993798_451872_451877_26999,../Data/audio/car/voices/815993798_451872_451877_26999.ogg,815993798,44-CB-295
763941567_451885_451898_26688,../Data/audio/car/voices/763941567_451885_451898_26688.ogg,763941567,16-JE-821
1013880018_451889_451902_26684,../Data/audio/car/voices/1013880018_451889_451902_26684.ogg,1013880018,85-SB-223
1878274529_451984_451987_26799,../Data/audio/car/voices/1878274529_451984_451987_26799.ogg,1878274529,61-AJ-959
860296669_452045_452054_26633,../Data/audio/car/voices/860296669_452045_452054_26633.ogg,860296669,90-YC-781
763941567_452143_452150_26220,../Data/audio/car/voices/763941567_452143_452150_26220.ogg,763941567,02-MZ-427
5591209497_452145_452153_26812,../Data/audio/car/voices/5591209497_452145_452153_26812.ogg,5591209497,56-JV-192
815993798_452200_452207_26683,../Data/audio/car/voices/815993798_452200_452207_26683.ogg,815993798,62-CT-512
5591209497_452292_452301_27056,../Data/audio/car/voices/5591209497_452292_452301_27056.ogg,5591209497,34-VR-989
892642911_452376_452401_26237,../Data/audio/car/voices/892642911_452376_452401_26237.ogg,892642911,21-EU-342
763941567_452561_452570_27144,../Data/audio/car/voices/763941567_452561_452570_27144.ogg,763941567,09-NV-452
1878274529_452594_452605_26424,../Data/audio/car/voices/1878274529_452594_452605_26424.ogg,1878274529,69-FI-705
1878274529_452710_452722_26347,../Data/audio/car/voices/1878274529_452710_452722_26347.ogg,1878274529,85-AO-397
713611046_452737_452748_26784,../Data/audio/car/voices/713611046_452737_452748_26784.ogg,713611046,64-ME-004
763941567_452769_452785_26293,../Data/audio/car/voices/763941567_452769_452785_26293.ogg,763941567,60-TY-668
5591209497_452802_452812_26487,../Data/audio/car/voices/5591209497_452802_452812_26487.ogg,5591209497,01-EW-165
976055738_452962_452965_26637,../Data/audio/car/voices/976055738_452962_452965_26637.ogg,976055738,70-BW-847
5591209497_453104_453116_27060,../Data/audio/car/voices/5591209497_453104_453116_27060.ogg,5591209497,19-UK-841
892642911_453311_453322_26626,../Data/audio/car/voices/892642911_453311_453322_26626.ogg,892642911,08-IZ-236
713611046_453457_453468_26863,../Data/audio/car/voices/713611046_453457_453468_26863.ogg,713611046,27-JS-018
5591209497_453566_453577_26430,../Data/audio/car/voices/5591209497_453566_453577_26430.ogg,5591209497,17-VJ-785
892642911_453585_453597_26601,../Data/audio/car/voices/892642911_453585_453597_26601.ogg,892642911,24-FD-211
976055738_453754_453767_26766,../Data/audio/car/voices/976055738_453754_453767_26766.ogg,976055738,20-LV-221
5591209497_453810_453818_26499,../Data/audio/car/voices/5591209497_453810_453818_26499.ogg,5591209497,12-UR-685
976055738_453940_453957_26793,../Data/audio/car/voices/976055738_453940_453957_26793.ogg,976055738,45-XG-843
976055738_454021_454032_26989,../Data/audio/car/voices/976055738_454021_454032_26989.ogg,976055738,71-AD-543
426881765_454017_454034_26662,../Data/audio/car/voices/426881765_454017_454034_26662.ogg,426881765,03-YZ-785
1878274529_454262_454268_26271,../Data/audio/car/voices/1878274529_454262_454268_26271.ogg,1878274529,60-IM-104
828296631_454163_454284_26367,../Data/audio/car/voices/828296631_454163_454284_26367.ogg,828296631,22-KA-288
539261624_454281_454292_27071,../Data/audio/car/voices/539261624_454281_454292_27071.ogg,539261624,61-SO-689
5591209497_454385_454393_26977,../Data/audio/car/voices/5591209497_454385_454393_26977.ogg,5591209497,41-FU-359
1878274529_454423_454428_26710,../Data/audio/car/voices/1878274529_454423_454428_26710.ogg,1878274529,90-XL-425
426881765_454421_454436_26694,../Data/audio/car/voices/426881765_454421_454436_26694.ogg,426881765,35-WN-283
527731854_454552_454557_26184,../Data/audio/car/voices/527731854_454552_454557_26184.ogg,527731854,52-VE-099
892642911_454893_454906_27002,../Data/audio/car/voices/892642911_454893_454906_27002.ogg,892642911,02-QM-466
1878274529_454957_454966_26627,../Data/audio/car/voices/1878274529_454957_454966_26627.ogg,1878274529,24-LE-261
1229817727_455140_455145_26654,../Data/audio/car/voices/1229817727_455140_455145_26654.ogg,1229817727,61-CU-018
763941567_455180_455190_27034,../Data/audio/car/voices/763941567_455180_455190_27034.ogg,763941567,14-TX-687
1229817727_455204_455210_26395,../Data/audio/car/voices/1229817727_455204_455210_26395.ogg,1229817727,54-YE-746
976055738_455206_455230_26695,../Data/audio/car/voices/976055738_455206_455230_26695.ogg,976055738,06-HB-124
426881765_455450_455467_27105,../Data/audio/car/voices/426881765_455450_455467_27105.ogg,426881765,59-DI-308
815993798_455557_455562_26302,../Data/audio/car/voices/815993798_455557_455562_26302.ogg,815993798,48-KY-555
763941567_455690_455693_26197,../Data/audio/car/voices/763941567_455690_455693_26197.ogg,763941567,66-BM-907
892642911_455692_455695_26312,../Data/audio/car/voices/892642911_455692_455695_26312.ogg,892642911,53-UL-419
828296631_455702_455709_26254,../Data/audio/car/voices/828296631_455702_455709_26254.ogg,828296631,18-OM-682
892642911_455761_455833_27018,../Data/audio/car/voices/892642911_455761_455833_27018.ogg,892642911,68-WN-364
763941567_455866_455874_26247,../Data/audio/car/voices/763941567_455866_455874_26247.ogg,763941567,25-VZ-546
1229817727_455914_455927_26459,../Data/audio/car/voices/1229817727_455914_455927_26459.ogg,1229817727,42-SD-088
892642911_455922_455929_26387,../Data/audio/car/voices/892642911_455922_455929_26387.ogg,892642911,01-YW-169
828296631_456019_456028_26924,../Data/audio/car/voices/828296631_456019_456028_26924.ogg,828296631,77-VG-674
828296631_456246_456255_26287,../Data/audio/car/voices/828296631_456246_456255_26287.ogg,828296631,54-WS-056
892642911_456337_456347_27107,../Data/audio/car/voices/892642911_456337_456347_27107.ogg,892642911,28-NL-235
5591209497_456680_456690_26656,../Data/audio/car/voices/5591209497_456680_456690_26656.ogg,5591209497,56-PX-941
828296631_456917_456929_26245,../Data/audio/car/voices/828296631_456917_456929_26245.ogg,828296631,54-UZ-808
1128232293_456980_456986_26982,../Data/audio/car/voices/1128232293_456980_456986_26982.ogg,1128232293,12-ZP-374
1128232293_456988_456999_26403,../Data/audio/car/voices/1128232293_456988_456999_26403.ogg,1128232293,65-OY-986
815993798_457105_457119_26324,../Data/audio/car/voices/815993798_457105_457119_26324.ogg,815993798,07-TJ-964
527731854_457112_457121_26446,../Data/audio/car/voices/527731854_457112_457121_26446.ogg,527731854,35-FS-512
527731854_457263_457274_26748,../Data/audio/car/voices/527731854_457263_457274_26748.ogg,527731854,30-KO-467
5591209497_457340_457347_26891,../Data/audio/car/voices/5591209497_457340_457347_26891.ogg,5591209497,04-ZI-141
763941567_457552_457561_26548,../Data/audio/car/voices/763941567_457552_457561_26548.ogg,763941567,11-FR-031
527731854_457569_457577_26188,../Data/audio/car/voices/527731854_457569_457577_26188.ogg,527731854,01-HQ-777
5591209497_457773_457786_26321,../Data/audio/car/voices/5591209497_457773_457786_26321.ogg,5591209497,15-DJ-413
763941567_457778_457791_26859,../Data/audio/car/voices/763941567_457778_457791_26859.ogg,763941567,22-ZQ-532
815993798_457866_457876_26334,../Data/audio/car/voices/815993798_457866_457876_26334.ogg,815993798,58-PH-207
5591209497_457963_457970_26772,../Data/audio/car/voices/5591209497_457963_457970_26772.ogg,5591209497,35-TU-629
1229817727_458019_458030_26472,../Data/audio/car/voices/1229817727_458019_458030_26472.ogg,1229817727,26-IS-421
1229817727_458179_458224_26508,../Data/audio/car/voices/1229817727_458179_458224_26508.ogg,1229817727,40-VD-335
713611046_458280_458283_26240,../Data/audio/car/voices/713611046_458280_458283_26240.ogg,713611046,55-JE-206
1128232293_458309_458316_26781,../Data/audio/car/voices/1128232293_458309_458316_26781.ogg,1128232293,08-GO-255
763941567_458317_458330_26354,../Data/audio/car/voices/763941567_458317_458330_26354.ogg,763941567,45-HF-897
763941567_458333_458339_26343,../Data/audio/car/voices/763941567_458333_458339_26343.ogg,763941567,46-QR-662
1878274529_458337_458342_26182,../Data/audio/car/voices/1878274529_458337_458342_26182.ogg,1878274529,50-YJ-812
828296631_458576_458585_26392,../Data/audio/car/voices/828296631_458576_458585_26392.ogg,828296631,77-WZ-151
527731854_458581_458588_26822,../Data/audio/car/voices/527731854_458581_458588_26822.ogg,527731854,23-SX-127
763941567_458665_458670_26718,../Data/audio/car/voices/763941567_458665_458670_26718.ogg,763941567,44-RM-279
1878274529_458715_458720_26969,../Data/audio/car/voices/1878274529_458715_458720_26969.ogg,1878274529,85-GK-135
527731854_458722_458726_26539,../Data/audio/car/voices/527731854_458722_458726_26539.ogg,527731854,14-QX-623
527731854_458910_458913_27077,../Data/audio/car/voices/527731854_458910_458913_27077.ogg,527731854,27-IG-677
527731854_458947_458950_26975,../Data/audio/car/voices/527731854_458947_458950_26975.ogg,527731854,45-OJ-026
539261624_458997_459008_26512,../Data/audio/car/voices/539261624_458997_459008_26512.ogg,539261624,68-JA-489
1297961140_459159_459166_26700,../Data/audio/car/voices/1297961140_459159_459166_26700.ogg,1297961140,45-IQ-256
1878274529_459199_459204_26865,../Data/audio/car/voices/1878274529_459199_459204_26865.ogg,1878274529,34-IJ-758
527731854_459316_459321_27070,../Data/audio/car/voices/527731854_459316_459321_27070.ogg,527731854,21-AF-132
763941567_459525_459535_26945,../Data/audio/car/voices/763941567_459525_459535_26945.ogg,763941567,17-DL-785
1297961140_459541_459558_27124,../Data/audio/car/voices/1297961140_459541_459558_27124.ogg,1297961140,02-EY-539
575298922_459630_459645_26234,../Data/audio/car/voices/575298922_459630_459645_26234.ogg,575298922,34-NG-153
575298922_459759_459769_26500,../Data/audio/car/voices/575298922_459759_459769_26500.ogg,575298922,21-WQ-734
539261624_460138_460162_26273,../Data/audio/car/voices/539261624_460138_460162_26273.ogg,539261624,28-SR-424
1297961140_460315_460318_26887,../Data/audio/car/voices/1297961140_460315_460318_26887.ogg,1297961140,17-ST-755
539261624_460417_460424_26277,../Data/audio/car/voices/539261624_460417_460424_26277.ogg,539261624,22-GM-046
1082554792_460157_460457_26211,../Data/audio/car/voices/1082554792_460157_460457_26211.ogg,1082554792,17-MF-326
1082554792_460475_460488_26911,../Data/audio/car/voices/1082554792_460475_460488_26911.ogg,1082554792,27-OC-095
1878274529_460585_460589_26381,../Data/audio/car/voices/1878274529_460585_460589_26381.ogg,1878274529,66-UG-185
763941567_460649_460655_26233,../Data/audio/car/voices/763941567_460649_460655_26233.ogg,763941567,26-MV-546
1878274529_460653_460666_26899,../Data/audio/car/voices/1878274529_460653_460666_26899.ogg,1878274529,67-JY-564
1082554792_460759_460769_26551,../Data/audio/car/voices/1082554792_460759_460769_26551.ogg,1082554792,11-WV-249
1878274529_460893_460901_26425,../Data/audio/car/voices/1878274529_460893_460901_26425.ogg,1878274529,26-VV-768
1297961140_461150_461154_26852,../Data/audio/car/voices/1297961140_461150_461154_26852.ogg,1297961140,63-GP-965
1201653758_461218_461222_27095,../Data/audio/car/voices/1201653758_461218_461222_27095.ogg,1201653758,67-FL-153
1201653758_461416_461420_26450,../Data/audio/car/voices/1201653758_461416_461420_26450.ogg,1201653758,18-DD-823
1201653758_461671_461677_27132,../Data/audio/car/voices/1201653758_461671_461677_27132.ogg,1201653758,43-XY-022
1297961140_461768_461775_26814,../Data/audio/car/voices/1297961140_461768_461775_26814.ogg,1297961140,14-RB-222
815993798_462038_462041_26810,../Data/audio/car/voices/815993798_462038_462041_26810.ogg,815993798,64-AX-355
815993798_462112_462121_26259,../Data/audio/car/voices/815993798_462112_462121_26259.ogg,815993798,69-KI-276
1009209372_462203_462213_26660,../Data/audio/car/voices/1009209372_462203_462213_26660.ogg,1009209372,36-ZX-264
1201653758_462225_462242_26680,../Data/audio/car/voices/1201653758_462225_462242_26680.ogg,1201653758,41-ZO-964
1009209372_462247_462253_26506,../Data/audio/car/voices/1009209372_462247_462253_26506.ogg,1009209372,06-JS-012
1201653758_462414_462425_26990,../Data/audio/car/voices/1201653758_462414_462425_26990.ogg,1201653758,24-SR-576
1297961140_462521_462535_27009,../Data/audio/car/voices/1297961140_462521_462535_27009.ogg,1297961140,09-BY-734
1009209372_462534_462541_26870,../Data/audio/car/voices/1009209372_462534_462541_26870.ogg,1009209372,25-FY-783
1009209372_462672_462677_26746,../Data/audio/car/voices/1009209372_462672_462677_26746.ogg,1009209372,28-PN-543
815993798_462737_462781_26726,../Data/audio/car/voices/815993798_462737_462781_26726.ogg,815993798,53-NN-201
815993798_462785_462793_26362,../Data/audio/car/voices/815993798_462785_462793_26362.ogg,815993798,27-QY-572
1201653758_462840_462853_26615,../Data/audio/car/voices/1201653758_462840_462853_26615.ogg,1201653758,65-FM-573
671891258_463104_463114_26808,../Data/audio/car/voices/671891258_463104_463114_26808.ogg,671891258,20-FY-723
815993798_463134_463140_26400,../Data/audio/car/voices/815993798_463134_463140_26400.ogg,815993798,45-MZ-023
1297961140_463236_463239_26992,../Data/audio/car/voices/1297961140_463236_463239_26992.ogg,1297961140,85-RM-126
815993798_463551_463557_26837,../Data/audio/car/voices/815993798_463551_463557_26837.ogg,815993798,10-BJ-003
1009209372_463556_463565_26269,../Data/audio/car/voices/1009209372_463556_463565_26269.ogg,1009209372,38-JZ-035
527731854_463792_463796_26485,../Data/audio/car/voices/527731854_463792_463796_26485.ogg,527731854,54-JF-135
815993798_463731_463814_26186,../Data/audio/car/voices/815993798_463731_463814_26186.ogg,815993798,15-BP-576
671891258_463830_463837_26692,../Data/audio/car/voices/671891258_463830_463837_26692.ogg,671891258,42-DN-721
539261624_463886_463891_26916,../Data/audio/car/voices/539261624_463886_463891_26916.ogg,539261624,64-WA-172
671891258_463932_463939_26599,../Data/audio/car/voices/671891258_463932_463939_26599.ogg,671891258,33-EJ-365
671891258_463946_463951_26701,../Data/audio/car/voices/671891258_463946_463951_26701.ogg,671891258,30-DV-327
527731854_463992_464016_26765,../Data/audio/car/voices/527731854_463992_464016_26765.ogg,527731854,60-UR-861
527731854_464019_464028_26355,../Data/audio/car/voices/527731854_464019_464028_26355.ogg,527731854,68-XY-264
539261624_464051_464061_26409,../Data/audio/car/voices/539261624_464051_464061_26409.ogg,539261624,39-ZC-722
828296631_464164_464175_26698,../Data/audio/car/voices/828296631_464164_464175_26698.ogg,828296631,58-VI-293
527731854_464195_464199_26791,../Data/audio/car/voices/527731854_464195_464199_26791.ogg,527731854,04-GW-052
815993798_464210_464219_26497,../Data/audio/car/voices/815993798_464210_464219_26497.ogg,815993798,62-BR-841
815993798_464290_464298_26635,../Data/audio/car/voices/815993798_464290_464298_26635.ogg,815993798,85-DJ-048
527731854_464344_464352_26443,../Data/audio/car/voices/527731854_464344_464352_26443.ogg,527731854,63-QU-501
815993798_464432_464439_26842,../Data/audio/car/voices/815993798_464432_464439_26842.ogg,815993798,04-UV-373
828296631_464477_464485_26344,../Data/audio/car/voices/828296631_464477_464485_26344.ogg,828296631,66-EA-031
828296631_464605_464613_26722,../Data/audio/car/voices/828296631_464605_464613_26722.ogg,828296631,62-BY-738
1082554792_464766_464920_27099,../Data/audio/car/voices/1082554792_464766_464920_27099.ogg,1082554792,71-EJ-176
1128232293_464935_464946_26843,../Data/audio/car/voices/1128232293_464935_464946_26843.ogg,1128232293,05-BZ-736
5196964268_465001_465011_26484,../Data/audio/car/voices/5196964268_465001_465011_26484.ogg,5196964268,09-VR-443
426881765_465025_465049_26581,../Data/audio/car/voices/426881765_465025_465049_26581.ogg,426881765,01-SR-693
5196964268_465083_465085_26275,../Data/audio/car/voices/5196964268_465083_465085_26275.ogg,5196964268,64-TI-093
1128232293_465239_465252_26466,../Data/audio/car/voices/1128232293_465239_465252_26466.ogg,1128232293,49-OC-117
1128232293_465301_465315_27076,../Data/audio/car/voices/1128232293_465301_465315_27076.ogg,1128232293,63-GX-412
860296669_465310_465327_26974,../Data/audio/car/voices/860296669_465310_465327_26974.ogg,860296669,22-MK-376
640339050_465427_465442_26742,../Data/audio/car/voices/640339050_465427_465442_26742.ogg,640339050,32-WL-774
828296631_465447_465464_27153,../Data/audio/car/voices/828296631_465447_465464_27153.ogg,828296631,68-LX-432
828296631_465560_465578_26173,../Data/audio/car/voices/828296631_465560_465578_26173.ogg,828296631,29-WQ-707
539261624_465640_465654_26296,../Data/audio/car/voices/539261624_465640_465654_26296.ogg,539261624,14-AX-747
815993798_465685_465692_26931,../Data/audio/car/voices/815993798_465685_465692_26931.ogg,815993798,64-VS-113
815993798_465711_465720_27103,../Data/audio/car/voices/815993798_465711_465720_27103.ogg,815993798,04-JR-614
5196964268_465712_465722_26768,../Data/audio/car/voices/5196964268_465712_465722_26768.ogg,5196964268,52-CN-613
860296669_465719_465740_26603,../Data/audio/car/voices/860296669_465719_465740_26603.ogg,860296669,25-YW-574
1201653758_465734_465747_26203,../Data/audio/car/voices/1201653758_465734_465747_26203.ogg,1201653758,85-KV-643
1201653758_465750_465760_26157,../Data/audio/car/voices/1201653758_465750_465760_26157.ogg,1201653758,58-FC-908
860296669_465850_465899_26205,../Data/audio/car/voices/860296669_465850_465899_26205.ogg,860296669,72-YL-084
539261624_465995_466008_26650,../Data/audio/car/voices/539261624_465995_466008_26650.ogg,539261624,54-QW-096
1201653758_466095_466114_27089,../Data/audio/car/voices/1201653758_466095_466114_27089.ogg,1201653758,58-UQ-784
1201653758_466200_466214_26582,../Data/audio/car/voices/1201653758_466200_466214_26582.ogg,1201653758,50-ZU-014
815993798_466301_466317_26162,../Data/audio/car/voices/815993798_466301_466317_26162.ogg,815993798,25-FW-665
860296669_466343_466359_26181,../Data/audio/car/voices/860296669_466343_466359_26181.ogg,860296669,56-YE-376
1128232293_466531_466552_26593,../Data/audio/car/voices/1128232293_466531_466552_26593.ogg,1128232293,12-WK-072
5196964268_466601_466610_26595,../Data/audio/car/voices/5196964268_466601_466610_26595.ogg,5196964268,72-TZ-034
539261624_466713_466735_26991,../Data/audio/car/voices/539261624_466713_466735_26991.ogg,539261624,34-JR-185
671891258_466696_466738_27112,../Data/audio/car/voices/671891258_466696_466738_27112.ogg,671891258,42-NT-495
527731854_466780_466793_26216,../Data/audio/car/voices/527731854_466780_466793_26216.ogg,527731854,34-PQ-693
527731854_466841_466852_26264,../Data/audio/car/voices/527731854_466841_466852_26264.ogg,527731854,55-AK-677
426881765_466948_466983_26913,../Data/audio/car/voices/426881765_466948_466983_26913.ogg,426881765,17-YN-863
1128232293_467038_467049_26936,../Data/audio/car/voices/1128232293_467038_467049_26936.ogg,1128232293,30-SN-714
1128232293_467076_467089_26616,../Data/audio/car/voices/1128232293_467076_467089_26616.ogg,1128232293,35-FI-053
828296631_467176_467186_26331,../Data/audio/car/voices/828296631_467176_467186_26331.ogg,828296631,05-QY-178
671891258_467632_467635_26226,../Data/audio/car/voices/671891258_467632_467635_26226.ogg,671891258,17-AB-276
828296631_467740_467750_26305,../Data/audio/car/voices/828296631_467740_467750_26305.ogg,828296631,19-HF-804
640339050_467831_467844_26834,../Data/audio/car/voices/640339050_467831_467844_26834.ogg,640339050,09-RQ-787
828296631_467984_467995_26465,../Data/audio/car/voices/828296631_467984_467995_26465.ogg,828296631,51-KQ-413
640339050_468030_468042_26617,../Data/audio/car/voices/640339050_468030_468042_26617.ogg,640339050,38-YH-224
828296631_468096_468104_26908,../Data/audio/car/voices/828296631_468096_468104_26908.ogg,828296631,56-AR-675
815993798_468464_468475_27081,../Data/audio/car/voices/815993798_468464_468475_27081.ogg,815993798,24-QD-575
860296669_468491_468500_26218,../Data/audio/car/voices/860296669_468491_468500_26218.ogg,860296669,55-NY-421
1229817727_468593_468604_26553,../Data/audio/car/voices/1229817727_468593_468604_26553.ogg,1229817727,64-FK-113
1229817727_468771_468780_26821,../Data/audio/car/voices/1229817727_468771_468780_26821.ogg,1229817727,63-XJ-573
815993798_468881_468887_26882,../Data/audio/car/voices/815993798_468881_468887_26882.ogg,815993798,71-VO-914
314849420_468928_468939_27093,../Data/audio/car/voices/314849420_468928_468939_27093.ogg,314849420,22-ZK-099
2016758610_468945_468961_27088,../Data/audio/car/voices/2016758610_468945_468961_27088.ogg,2016758610,17-QU-066
1229817727_469070_469078_26686,../Data/audio/car/voices/1229817727_469070_469078_26686.ogg,1229817727,62-EO-147
2016758610_469081_469086_26180,../Data/audio/car/voices/2016758610_469081_469086_26180.ogg,2016758610,42-KD-341
314849420_469121_469132_26918,../Data/audio/car/voices/314849420_469121_469132_26918.ogg,314849420,63-EI-608
671891258_469123_469133_27031,../Data/audio/car/voices/671891258_469123_469133_27031.ogg,671891258,06-IO-598
314849420_469143_469156_26659,../Data/audio/car/voices/314849420_469143_469156_26659.ogg,314849420,59-IK-519
892642911_469197_469213_27041,../Data/audio/car/voices/892642911_469197_469213_27041.ogg,892642911,11-UY-777
828296631_469464_469479_26167,../Data/audio/car/voices/828296631_469464_469479_26167.ogg,828296631,69-VO-871
1082554792_469624_469642_26489,../Data/audio/car/voices/1082554792_469624_469642_26489.ogg,1082554792,41-QF-716
815993798_469677_469683_26366,../Data/audio/car/voices/815993798_469677_469683_26366.ogg,815993798,32-DY-055
671891258_469687_469693_26523,../Data/audio/car/voices/671891258_469687_469693_26523.ogg,671891258,37-NF-622
2016758610_469733_469742_26509,../Data/audio/car/voices/2016758610_469733_469742_26509.ogg,2016758610,50-JM-238
2016758610_469745_469764_26267,../Data/audio/car/voices/2016758610_469745_469764_26267.ogg,2016758610,55-AK-363
671891258_469783_469791_26178,../Data/audio/car/voices/671891258_469783_469791_26178.ogg,671891258,07-LC-698
1082554792_469951_469967_26839,../Data/audio/car/voices/1082554792_469951_469967_26839.ogg,1082554792,21-SC-452
1082554792_470122_470139_26900,../Data/audio/car/voices/1082554792_470122_470139_26900.ogg,1082554792,17-MJ-372
1082554792_470144_470164_26382,../Data/audio/car/voices/1082554792_470144_470164_26382.ogg,1082554792,26-GC-985
2016758610_470365_470372_26570,../Data/audio/car/voices/2016758610_470365_470372_26570.ogg,2016758610,16-TX-937
1297961140_470379_470386_26634,../Data/audio/car/voices/1297961140_470379_470386_26634.ogg,1297961140,10-NR-563
815993798_470465_470483_26520,../Data/audio/car/voices/815993798_470465_470483_26520.ogg,815993798,23-MM-272
671891258_470537_470557_26171,../Data/audio/car/voices/671891258_470537_470557_26171.ogg,671891258,54-UR-643
1297961140_470812_470819_26717,../Data/audio/car/voices/1297961140_470812_470819_26717.ogg,1297961140,34-YZ-168
2016758610_470874_470881_27019,../Data/audio/car/voices/2016758610_470874_470881_27019.ogg,2016758610,50-DS-938
2016758610_470886_470890_26750,../Data/audio/car/voices/2016758610_470886_470890_26750.ogg,2016758610,47-BT-103
892642911_470921_470931_26295,../Data/audio/car/voices/892642911_470921_470931_26295.ogg,892642911,70-KW-874
671891258_471054_471066_27040,../Data/audio/car/voices/671891258_471054_471066_27040.ogg,671891258,51-TO-314
815993798_471088_471092_26952,../Data/audio/car/voices/815993798_471088_471092_26952.ogg,815993798,72-EK-996
1201653758_471203_471216_26364,../Data/audio/car/voices/1201653758_471203_471216_26364.ogg,1201653758,52-HG-091
2016758610_471319_471332_26236,../Data/audio/car/voices/2016758610_471319_471332_26236.ogg,2016758610,16-LD-667
2016758610_471346_471352_26349,../Data/audio/car/voices/2016758610_471346_471352_26349.ogg,2016758610,49-JF-961
815993798_471407_471414_26796,../Data/audio/car/voices/815993798_471407_471414_26796.ogg,815993798,07-VR-444
1013880018_471459_471467_26327,../Data/audio/car/voices/1013880018_471459_471467_26327.ogg,1013880018,37-IE-099
1201653758_471502_471517_26733,../Data/audio/car/voices/1201653758_471502_471517_26733.ogg,1201653758,55-CO-086
2016758610_471553_471562_26308,../Data/audio/car/voices/2016758610_471553_471562_26308.ogg,2016758610,15-YA-315
815993798_471611_471617_26572,../Data/audio/car/voices/815993798_471611_471617_26572.ogg,815993798,21-MW-062
892642911_471608_471618_27147,../Data/audio/car/voices/892642911_471608_471618_27147.ogg,892642911,29-PO-484
828296631_471780_471790_27152,../Data/audio/car/voices/828296631_471780_471790_27152.ogg,828296631,51-CY-046
815993798_471830_471838_26439,../Data/audio/car/voices/815993798_471830_471838_26439.ogg,815993798,51-KM-137
1082554792_471927_471947_26428,../Data/audio/car/voices/1082554792_471927_471947_26428.ogg,1082554792,27-SZ-741
828296631_471981_471993_26906,../Data/audio/car/voices/828296631_471981_471993_26906.ogg,828296631,51-WM-324
671891258_472073_472078_26291,../Data/audio/car/voices/671891258_472073_472078_26291.ogg,671891258,35-PQ-173
892642911_472440_472455_26332,../Data/audio/car/voices/892642911_472440_472455_26332.ogg,892642911,62-LF-312
671891258_472635_472642_26405,../Data/audio/car/voices/671891258_472635_472642_26405.ogg,671891258,43-WQ-082
809763511_472647_472659_27059,../Data/audio/car/voices/809763511_472647_472659_27059.ogg,809763511,56-TJ-534
1297961140_472813_472824_26198,../Data/audio/car/voices/1297961140_472813_472824_26198.ogg,1297961140,65-MG-148
1201653758_472822_472836_26261,../Data/audio/car/voices/1201653758_472822_472836_26261.ogg,1201653758,12-UF-641
2016758610_472922_472928_27146,../Data/audio/car/voices/2016758610_472922_472928_27146.ogg,2016758610,24-FJ-226
1082554792_473129_473133_26511,../Data/audio/car/voices/1082554792_473129_473133_26511.ogg,1082554792,05-CJ-655
976055738_473245_473256_26708,../Data/audio/car/voices/976055738_473245_473256_26708.ogg,976055738,61-XX-601
671891258_473385_473401_26527,../Data/audio/car/voices/671891258_473385_473401_26527.ogg,671891258,01-TQ-572
2016758610_473480_473496_26884,../Data/audio/car/voices/2016758610_473480_473496_26884.ogg,2016758610,23-QR-995
1082554792_473493_473512_26745,../Data/audio/car/voices/1082554792_473493_473512_26745.ogg,1082554792,02-UX-669
1013880018_473638_473658_26994,../Data/audio/car/voices/1013880018_473638_473658_26994.ogg,1013880018,53-MF-322
671891258_473760_473772_26555,../Data/audio/car/voices/671891258_473760_473772_26555.ogg,671891258,30-VS-164
1201653758_473788_473807_26378,../Data/audio/car/voices/1201653758_473788_473807_26378.ogg,1201653758,67-LN-533
671891258_473857_473869_26396,../Data/audio/car/voices/671891258_473857_473869_26396.ogg,671891258,25-YG-085
426881765_474124_474150_26703,../Data/audio/car/voices/426881765_474124_474150_26703.ogg,426881765,43-NK-348
976055738_474145_474164_27148,../Data/audio/car/voices/976055738_474145_474164_27148.ogg,976055738,51-BF-913
976055738_474189_474213_27155,../Data/audio/car/voices/976055738_474189_474213_27155.ogg,976055738,31-XF-098
2016758610_474224_474242_26278,../Data/audio/car/voices/2016758610_474224_474242_26278.ogg,2016758610,65-YR-671
671891258_474268_474279_26195,../Data/audio/car/voices/671891258_474268_474279_26195.ogg,671891258,04-TU-284
1201653758_474569_474605_27073,../Data/audio/car/voices/1201653758_474569_474605_27073.ogg,1201653758,64-WT-733
671891258_474689_474700_26408,../Data/audio/car/voices/671891258_474689_474700_26408.ogg,671891258,09-VY-674
671891258_474714_474723_26846,../Data/audio/car/voices/671891258_474714_474723_26846.ogg,671891258,06-JH-119
815993798_474729_474743_26589,../Data/audio/car/voices/815993798_474729_474743_26589.ogg,815993798,03-FS-249
671891258_474826_474833_27092,../Data/audio/car/voices/671891258_474826_474833_27092.ogg,671891258,51-LD-296
892642911_474936_474952_27086,../Data/audio/car/voices/892642911_474936_474952_27086.ogg,892642911,39-XE-464
1297961140_474951_474963_26861,../Data/audio/car/voices/1297961140_474951_474963_26861.ogg,1297961140,14-QC-136
314849420_474938_474965_26614,../Data/audio/car/voices/314849420_474938_474965_26614.ogg,314849420,23-TK-372
976055738_475253_475269_26949,../Data/audio/car/voices/976055738_475253_475269_26949.ogg,976055738,09-AJ-883
1297961140_475307_475319_27142,../Data/audio/car/voices/1297961140_475307_475319_27142.ogg,1297961140,10-DZ-434
1297961140_475352_475364_26594,../Data/audio/car/voices/1297961140_475352_475364_26594.ogg,1297961140,24-MW-176
1201653758_475629_475642_26652,../Data/audio/car/voices/1201653758_475629_475642_26652.ogg,1201653758,40-IR-293
1009209372_475696_475729_26928,../Data/audio/car/voices/1009209372_475696_475729_26928.ogg,1009209372,58-UF-001
2016758610_475749_475763_26358,../Data/audio/car/voices/2016758610_475749_475763_26358.ogg,2016758610,46-LP-293
640339050_475754_475777_26850,../Data/audio/car/voices/640339050_475754_475777_26850.ogg,640339050,60-PV-655
1297961140_475789_475796_26319,../Data/audio/car/voices/1297961140_475789_475796_26319.ogg,1297961140,68-QM-547
2016758610_475829_475835_26824,../Data/audio/car/voices/2016758610_475829_475835_26824.ogg,2016758610,57-NG-188
314849420_475928_475951_26776,../Data/audio/car/voices/314849420_475928_475951_26776.ogg,314849420,60-BS-149
640339050_476005_476023_26971,../Data/audio/car/voices/640339050_476005_476023_26971.ogg,640339050,29-UF-093
671891258_476077_476090_26568,../Data/audio/car/voices/671891258_476077_476090_26568.ogg,671891258,38-MO-875
671891258_476093_476104_26664,../Data/audio/car/voices/671891258_476093_476104_26664.ogg,671891258,35-BO-574
1297961140_476291_476308_26576,../Data/audio/car/voices/1297961140_476291_476308_26576.ogg,1297961140,13-AQ-912
1297961140_476311_476324_26741,../Data/audio/car/voices/1297961140_476311_476324_26741.ogg,1297961140,71-ON-963
671891258_476461_476473_26538,../Data/audio/car/voices/671891258_476461_476473_26538.ogg,671891258,46-XL-218
713611046_476530_476550_27014,../Data/audio/car/voices/713611046_476530_476550_27014.ogg,713611046,27-OQ-185
1297961140_476651_476657_26449,../Data/audio/car/voices/1297961140_476651_476657_26449.ogg,1297961140,17-EQ-648
1297961140_477004_477018_26268,../Data/audio/car/voices/1297961140_477004_477018_26268.ogg,1297961140,06-MC-327
2016758610_477075_477083_26421,../Data/audio/car/voices/2016758610_477075_477083_26421.ogg,2016758610,66-EG-902
1009209372_477248_477254_26498,../Data/audio/car/voices/1009209372_477248_477254_26498.ogg,1009209372,70-YT-491
1082554792_477250_477433_26674,../Data/audio/car/voices/1082554792_477250_477433_26674.ogg,1082554792,38-GA-496
640339050_477456_477484_27131,../Data/audio/car/voices/640339050_477456_477484_27131.ogg,640339050,85-HW-601
314849420_477481_477497_26202,../Data/audio/car/voices/314849420_477481_477497_26202.ogg,314849420,21-AE-707
1082554792_477758_477765_26912,../Data/audio/car/voices/1082554792_477758_477765_26912.ogg,1082554792,70-PH-941
1082554792_477791_477810_27108,../Data/audio/car/voices/1082554792_477791_477810_27108.ogg,1082554792,12-MX-704
314849420_477899_477919_26600,../Data/audio/car/voices/314849420_477899_477919_26600.ogg,314849420,35-VA-076
1347919237_478045_478090_26661,../Data/audio/car/voices/1347919237_478045_478090_26661.ogg,1347919237,21-FS-171
1201653758_478314_478329_26460,../Data/audio/car/voices/1201653758_478314_478329_26460.ogg,1201653758,66-YG-303
1082554792_478460_478476_26996,../Data/audio/car/voices/1082554792_478460_478476_26996.ogg,1082554792,16-IT-205
713611046_478456_478484_26495,../Data/audio/car/voices/713611046_478456_478484_26495.ogg,713611046,09-QI-592
1009209372_478458_478492_26801,../Data/audio/car/voices/1009209372_478458_478492_26801.ogg,1009209372,42-OP-037
1347919237_478503_478531_26725,../Data/audio/car/voices/1347919237_478503_478531_26725.ogg,1347919237,45-TQ-131
1201653758_478739_478749_26828,../Data/audio/car/voices/1201653758_478739_478749_26828.ogg,1201653758,48-YT-215
671891258_478843_478858_26522,../Data/audio/car/voices/671891258_478843_478858_26522.ogg,671891258,42-PI-079
1201653758_478953_478970_26753,../Data/audio/car/voices/1201653758_478953_478970_26753.ogg,1201653758,52-FZ-774
2016758610_479015_479023_26391,../Data/audio/car/voices/2016758610_479015_479023_26391.ogg,2016758610,49-BE-242
1082554792_479084_479099_26192,../Data/audio/car/voices/1082554792_479084_479099_26192.ogg,1082554792,49-YV-609
671891258_479097_479101_26835,../Data/audio/car/voices/671891258_479097_479101_26835.ogg,671891258,50-IC-934
640339050_479130_479139_27114,../Data/audio/car/voices/640339050_479130_479139_27114.ogg,640339050,85-JY-036
1347919237_479186_479196_26805,../Data/audio/car/voices/1347919237_479186_479196_26805.ogg,1347919237,06-JK-488
671891258_479279_479288_26413,../Data/audio/car/voices/671891258_479279_479288_26413.ogg,671891258,31-RL-654
640339050_479425_479442_26967,../Data/audio/car/voices/640339050_479425_479442_26967.ogg,640339050,18-CP-376
1347919237_479543_479554_26714,../Data/audio/car/voices/1347919237_479543_479554_26714.ogg,1347919237,44-QQ-166
671891258_479658_479666_26631,../Data/audio/car/voices/671891258_479658_479666_26631.ogg,671891258,67-CG-075
1201653758_479769_479777_26533,../Data/audio/car/voices/1201653758_479769_479777_26533.ogg,1201653758,31-RI-661
1201653758_479781_479796_27063,../Data/audio/car/voices/1201653758_479781_479796_27063.ogg,1201653758,27-GO-123
1347919237_479819_479831_26242,../Data/audio/car/voices/1347919237_479819_479831_26242.ogg,1347919237,51-YC-671
2016758610_480005_480012_26825,../Data/audio/car/voices/2016758610_480005_480012_26825.ogg,2016758610,31-UX-002
713611046_480235_480250_26755,../Data/audio/car/voices/713611046_480235_480250_26755.ogg,713611046,03-FP-279
